timestamp,price
2025-08-18 13:30:00+00:00,205.0800018310547
2025-08-18 13:31:00+00:00,204.9499053955078
2025-08-18 13:33:00+00:00,205.16000366210938
2025-08-18 13:34:00+00:00,205.7100067138672
2025-08-18 13:35:00+00:00,205.82000732421875
2025-08-18 13:36:00+00:00,205.77999877929688
2025-08-18 13:37:00+00:00,205.6083984375
2025-08-18 13:38:00+00:00,205.64990234375
2025-08-18 13:39:00+00:00,205.7100067138672
2025-08-18 13:40:00+00:00,205.7449951171875
2025-08-18 13:41:00+00:00,205.25
2025-08-18 13:42:00+00:00,205.4250030517578
2025-08-18 13:43:00+00:00,205.58999633789062
2025-08-18 13:44:00+00:00,205.47000122070312
2025-08-18 13:45:00+00:00,205.52000427246094
2025-08-18 13:46:00+00:00,205.28990173339844
2025-08-18 13:47:00+00:00,205.26499938964844
2025-08-18 13:48:00+00:00,205.4199981689453
2025-08-18 13:49:00+00:00,205.52000427246094
2025-08-18 13:50:00+00:00,205.2449951171875
2025-08-18 13:51:00+00:00,205.0500030517578
2025-08-18 13:52:00+00:00,205.0500030517578
2025-08-18 13:53:00+00:00,205.17999267578125
2025-08-18 13:54:00+00:00,205.35000610351562
2025-08-18 13:55:00+00:00,205.49000549316406
2025-08-18 13:56:00+00:00,205.4927978515625
2025-08-18 13:57:00+00:00,205.39999389648438
2025-08-18 13:58:00+00:00,205.19000244140625
2025-08-18 13:59:00+00:00,205.16000366210938
2025-08-18 14:00:00+00:00,205.57000732421875
2025-08-18 14:01:00+00:00,205.60000610351562
2025-08-18 14:02:00+00:00,205.50999450683594
2025-08-18 14:03:00+00:00,205.625
2025-08-18 14:04:00+00:00,205.47500610351562
2025-08-18 14:05:00+00:00,205.60499572753906
2025-08-18 14:06:00+00:00,205.49000549316406
2025-08-18 14:07:00+00:00,205.49000549316406
2025-08-18 14:08:00+00:00,205.3699951171875
2025-08-18 14:09:00+00:00,205.3699951171875
2025-08-18 14:10:00+00:00,205.2100067138672
2025-08-18 14:11:00+00:00,205.0684051513672
2025-08-18 14:12:00+00:00,205.08999633789062
2025-08-18 14:13:00+00:00,205.13499450683594
2025-08-18 14:14:00+00:00,205.0800018310547
2025-08-18 14:15:00+00:00,205.0749969482422
2025-08-18 14:16:00+00:00,205.106201171875
2025-08-18 14:17:00+00:00,205.0399932861328
2025-08-18 14:18:00+00:00,205.08999633789062
2025-08-18 14:19:00+00:00,205.02000427246094
2025-08-18 14:20:00+00:00,204.99989318847656
2025-08-18 14:21:00+00:00,205.14999389648438
2025-08-18 14:22:00+00:00,205.1999969482422
2025-08-18 14:23:00+00:00,205.24000549316406
2025-08-18 14:24:00+00:00,205.52999877929688
2025-08-18 14:25:00+00:00,205.48500061035156
2025-08-18 14:26:00+00:00,205.38999938964844
2025-08-18 14:27:00+00:00,205.52999877929688
2025-08-18 14:28:00+00:00,205.2899932861328
2025-08-18 14:29:00+00:00,205.3300018310547
2025-08-18 14:30:00+00:00,205.1199951171875
2025-08-18 14:31:00+00:00,205.1999969482422
2025-08-18 14:32:00+00:00,205.1649932861328
2025-08-18 14:33:00+00:00,205.33999633789062
2025-08-18 14:34:00+00:00,205.22999572753906
2025-08-18 14:35:00+00:00,205.25
2025-08-18 14:36:00+00:00,205.10000610351562
2025-08-18 14:37:00+00:00,205.1300048828125
2025-08-18 14:38:00+00:00,204.9499969482422
2025-08-18 14:39:00+00:00,204.98989868164062
2025-08-18 14:40:00+00:00,204.8800048828125
2025-08-18 14:41:00+00:00,204.8300018310547
2025-08-18 14:42:00+00:00,204.64500427246094
2025-08-18 14:43:00+00:00,204.64739990234375
2025-08-18 14:44:00+00:00,204.531005859375
2025-08-18 14:45:00+00:00,204.47500610351562
2025-08-18 14:46:00+00:00,204.4499969482422
2025-08-18 14:47:00+00:00,204.13999938964844
2025-08-18 14:48:00+00:00,204.36500549316406
2025-08-18 14:49:00+00:00,204.42999267578125
2025-08-18 14:50:00+00:00,204.44000244140625
2025-08-18 14:51:00+00:00,204.61000061035156
2025-08-18 14:52:00+00:00,204.64999389648438
2025-08-18 14:53:00+00:00,204.78030395507812
2025-08-18 14:54:00+00:00,204.68499755859375
2025-08-18 14:55:00+00:00,204.72349548339844
2025-08-18 14:56:00+00:00,204.66000366210938
2025-08-18 14:57:00+00:00,204.72999572753906
2025-08-18 14:58:00+00:00,204.58999633789062
2025-08-18 14:59:00+00:00,204.6699981689453
2025-08-18 15:00:00+00:00,204.77999877929688
2025-08-18 15:01:00+00:00,204.66000366210938
2025-08-18 15:02:00+00:00,204.64010620117188
2025-08-18 15:03:00+00:00,204.7050018310547
2025-08-18 15:04:00+00:00,204.75999450683594
2025-08-18 15:05:00+00:00,204.69500732421875
2025-08-18 15:06:00+00:00,204.72999572753906
2025-08-18 15:07:00+00:00,204.77000427246094
2025-08-18 15:08:00+00:00,204.77490234375
2025-08-18 15:09:00+00:00,204.72999572753906
2025-08-18 15:10:00+00:00,204.72000122070312
2025-08-18 15:11:00+00:00,204.7949981689453
2025-08-18 15:12:00+00:00,204.6999969482422
2025-08-18 15:13:00+00:00,204.75999450683594
2025-08-18 15:14:00+00:00,204.77999877929688
2025-08-18 15:15:00+00:00,204.6750030517578
2025-08-18 15:16:00+00:00,204.50999450683594
2025-08-18 15:17:00+00:00,204.49000549316406
2025-08-18 15:18:00+00:00,204.44000244140625
2025-08-18 15:19:00+00:00,204.47000122070312
2025-08-18 15:20:00+00:00,204.50990295410156
2025-08-18 15:21:00+00:00,204.49000549316406
2025-08-18 15:22:00+00:00,204.3800048828125
2025-08-18 15:23:00+00:00,204.37899780273438
2025-08-18 15:24:00+00:00,204.35000610351562
2025-08-18 15:25:00+00:00,204.1737060546875
2025-08-18 15:26:00+00:00,204.10000610351562
2025-08-18 15:27:00+00:00,204.17999267578125
2025-08-18 15:28:00+00:00,204.13490295410156
2025-08-18 15:29:00+00:00,204.08999633789062
2025-08-18 15:30:00+00:00,203.93499755859375
2025-08-18 15:31:00+00:00,203.96499633789062
2025-08-18 15:32:00+00:00,204.0800018310547
2025-08-18 15:33:00+00:00,203.9600067138672
2025-08-18 15:34:00+00:00,203.9600067138672
2025-08-18 15:35:00+00:00,203.9499969482422
2025-08-18 15:36:00+00:00,203.89999389648438
2025-08-18 15:37:00+00:00,204.018798828125
2025-08-18 15:38:00+00:00,204.10800170898438
2025-08-18 15:39:00+00:00,203.99000549316406
2025-08-18 15:40:00+00:00,204.00999450683594
2025-08-18 15:41:00+00:00,204.0500030517578
2025-08-18 15:42:00+00:00,204.03500366210938
2025-08-18 15:43:00+00:00,203.97000122070312
2025-08-18 15:44:00+00:00,203.93499755859375
2025-08-18 15:45:00+00:00,204.02000427246094
2025-08-18 15:46:00+00:00,204.08999633789062
2025-08-18 15:47:00+00:00,204.11000061035156
2025-08-18 15:48:00+00:00,204.10000610351562
2025-08-18 15:49:00+00:00,204.09500122070312
2025-08-18 15:50:00+00:00,204.1199951171875
2025-08-18 15:51:00+00:00,204.06539916992188
2025-08-18 15:52:00+00:00,204.13999938964844
2025-08-18 15:53:00+00:00,204.1300048828125
2025-08-18 15:54:00+00:00,204.16160583496094
2025-08-18 15:55:00+00:00,204.0063018798828
2025-08-18 15:56:00+00:00,203.99000549316406
2025-08-18 15:57:00+00:00,204.05999755859375
2025-08-18 15:58:00+00:00,204.06500244140625
2025-08-18 15:59:00+00:00,204.0684051513672
2025-08-18 16:00:00+00:00,204.1199951171875
2025-08-18 16:01:00+00:00,204.125
2025-08-18 16:02:00+00:00,204.1199951171875
2025-08-18 16:03:00+00:00,204.22999572753906
2025-08-18 16:04:00+00:00,204.18890380859375
2025-08-18 16:05:00+00:00,204.1699981689453
2025-08-18 16:06:00+00:00,204.0800018310547
2025-08-18 16:07:00+00:00,204.06500244140625
2025-08-18 16:08:00+00:00,204.08999633789062
2025-08-18 16:09:00+00:00,204.0500030517578
2025-08-18 16:10:00+00:00,204.0800018310547
2025-08-18 16:11:00+00:00,203.9499969482422
2025-08-18 16:12:00+00:00,203.92999267578125
2025-08-18 16:13:00+00:00,203.80999755859375
2025-08-18 16:14:00+00:00,203.7550048828125
2025-08-18 16:15:00+00:00,203.75999450683594
2025-08-18 16:16:00+00:00,203.77000427246094
2025-08-18 16:17:00+00:00,203.75
2025-08-18 16:18:00+00:00,203.74000549316406
2025-08-18 16:19:00+00:00,203.7899932861328
2025-08-18 16:20:00+00:00,203.77029418945312
2025-08-18 16:21:00+00:00,203.8553924560547
2025-08-18 16:22:00+00:00,203.83999633789062
2025-08-18 16:23:00+00:00,203.88499450683594
2025-08-18 16:24:00+00:00,203.88999938964844
2025-08-18 16:25:00+00:00,203.89999389648438
2025-08-18 16:26:00+00:00,203.77999877929688
2025-08-18 16:27:00+00:00,203.77499389648438
2025-08-18 16:28:00+00:00,203.7899932861328
2025-08-18 16:29:00+00:00,203.7949981689453
2025-08-18 16:30:00+00:00,203.86500549316406
2025-08-18 16:31:00+00:00,203.77999877929688
2025-08-18 16:32:00+00:00,203.7949981689453
2025-08-18 16:33:00+00:00,203.77999877929688
2025-08-18 16:34:00+00:00,203.77000427246094
2025-08-18 16:35:00+00:00,203.77000427246094
2025-08-18 16:36:00+00:00,203.6300048828125
2025-08-18 16:37:00+00:00,203.58999633789062
2025-08-18 16:38:00+00:00,203.51499938964844
2025-08-18 16:39:00+00:00,203.47500610351562
2025-08-18 16:40:00+00:00,203.6699981689453
2025-08-18 16:41:00+00:00,203.7467041015625
2025-08-18 16:42:00+00:00,203.63999938964844
2025-08-18 16:43:00+00:00,203.5500030517578
2025-08-18 16:44:00+00:00,203.58999633789062
2025-08-18 16:45:00+00:00,203.61000061035156
2025-08-18 16:46:00+00:00,203.5
2025-08-18 16:47:00+00:00,203.50999450683594
2025-08-18 16:48:00+00:00,203.49000549316406
2025-08-18 16:49:00+00:00,203.5399932861328
2025-08-18 16:50:00+00:00,203.60000610351562
2025-08-18 16:51:00+00:00,203.67999267578125
2025-08-18 16:52:00+00:00,203.69000244140625
2025-08-18 16:53:00+00:00,203.66000366210938
2025-08-18 16:54:00+00:00,203.60159301757812
2025-08-18 16:55:00+00:00,203.63499450683594
2025-08-18 16:56:00+00:00,203.61000061035156
2025-08-18 16:57:00+00:00,203.61000061035156
2025-08-18 16:58:00+00:00,203.5850067138672
2025-08-18 16:59:00+00:00,203.5500030517578
2025-08-18 17:00:00+00:00,203.67999267578125
2025-08-18 17:01:00+00:00,203.64599609375
2025-08-18 17:02:00+00:00,203.60000610351562
2025-08-18 17:03:00+00:00,203.68499755859375
2025-08-18 17:04:00+00:00,203.72999572753906
2025-08-18 17:05:00+00:00,203.7100067138672
2025-08-18 17:06:00+00:00,203.73739624023438
2025-08-18 17:07:00+00:00,203.80499267578125
2025-08-18 17:08:00+00:00,203.72999572753906
2025-08-18 17:09:00+00:00,203.8000030517578
2025-08-18 17:10:00+00:00,203.79010009765625
2025-08-18 17:11:00+00:00,203.8800048828125
2025-08-18 17:12:00+00:00,203.7899932861328
2025-08-18 17:13:00+00:00,203.83999633789062
2025-08-18 17:14:00+00:00,203.86619567871094
2025-08-18 17:15:00+00:00,203.8699951171875
2025-08-18 17:16:00+00:00,203.91900634765625
2025-08-18 17:17:00+00:00,203.86500549316406
2025-08-18 17:18:00+00:00,203.8249969482422
2025-08-18 17:19:00+00:00,203.83999633789062
2025-08-18 17:20:00+00:00,203.84500122070312
2025-08-18 17:21:00+00:00,203.83999633789062
2025-08-18 17:22:00+00:00,203.83999633789062
2025-08-18 17:23:00+00:00,203.7899932861328
2025-08-18 17:24:00+00:00,203.77999877929688
2025-08-18 17:25:00+00:00,203.8699951171875
2025-08-18 17:26:00+00:00,203.8426971435547
2025-08-18 17:27:00+00:00,203.85000610351562
2025-08-18 17:28:00+00:00,203.85000610351562
2025-08-18 17:29:00+00:00,203.8699951171875
2025-08-18 17:30:00+00:00,203.9801025390625
2025-08-18 17:31:00+00:00,204.08999633789062
2025-08-18 17:32:00+00:00,204.07000732421875
2025-08-18 17:33:00+00:00,203.91299438476562
2025-08-18 17:34:00+00:00,203.9250030517578
2025-08-18 17:35:00+00:00,203.82000732421875
2025-08-18 17:36:00+00:00,203.84100341796875
2025-08-18 17:37:00+00:00,203.8699951171875
2025-08-18 17:38:00+00:00,203.83999633789062
2025-08-18 17:39:00+00:00,203.8800048828125
2025-08-18 17:40:00+00:00,203.91000366210938
2025-08-18 17:41:00+00:00,203.86990356445312
2025-08-18 17:42:00+00:00,203.8699951171875
2025-08-18 17:43:00+00:00,203.8800048828125
2025-08-18 17:44:00+00:00,203.78500366210938
2025-08-18 17:45:00+00:00,203.86000061035156
2025-08-18 17:46:00+00:00,203.80999755859375
2025-08-18 17:47:00+00:00,203.78199768066406
2025-08-18 17:48:00+00:00,203.8000030517578
2025-08-18 17:49:00+00:00,203.8549041748047
2025-08-18 17:50:00+00:00,203.86000061035156
2025-08-18 17:51:00+00:00,203.90499877929688
2025-08-18 17:52:00+00:00,203.9149932861328
2025-08-18 17:53:00+00:00,203.91000366210938
2025-08-18 17:54:00+00:00,203.85000610351562
2025-08-18 17:55:00+00:00,203.85000610351562
2025-08-18 17:56:00+00:00,203.82000732421875
2025-08-18 17:57:00+00:00,203.80999755859375
2025-08-18 17:58:00+00:00,203.7899932861328
2025-08-18 17:59:00+00:00,203.79849243164062
2025-08-18 18:00:00+00:00,203.8441925048828
2025-08-18 18:01:00+00:00,203.86000061035156
2025-08-18 18:02:00+00:00,203.99969482421875
2025-08-18 18:03:00+00:00,203.89999389648438
2025-08-18 18:04:00+00:00,203.8800048828125
2025-08-18 18:05:00+00:00,203.97000122070312
2025-08-18 18:06:00+00:00,203.9499969482422
2025-08-18 18:07:00+00:00,203.89100646972656
2025-08-18 18:08:00+00:00,203.89500427246094
2025-08-18 18:09:00+00:00,203.89999389648438
2025-08-18 18:10:00+00:00,203.88999938964844
2025-08-18 18:11:00+00:00,203.98599243164062
2025-08-18 18:12:00+00:00,203.89999389648438
2025-08-18 18:13:00+00:00,203.88729858398438
2025-08-18 18:14:00+00:00,203.86500549316406
2025-08-18 18:15:00+00:00,203.89999389648438
2025-08-18 18:16:00+00:00,203.88499450683594
2025-08-18 18:17:00+00:00,203.8699951171875
2025-08-18 18:18:00+00:00,203.8800048828125
2025-08-18 18:19:00+00:00,203.8350067138672
2025-08-18 18:20:00+00:00,203.8424072265625
2025-08-18 18:21:00+00:00,203.7899932861328
2025-08-18 18:22:00+00:00,203.8699951171875
2025-08-18 18:23:00+00:00,203.8800048828125
2025-08-18 18:24:00+00:00,203.9499969482422
2025-08-18 18:25:00+00:00,203.99000549316406
2025-08-18 18:26:00+00:00,203.97999572753906
2025-08-18 18:27:00+00:00,203.89500427246094
2025-08-18 18:28:00+00:00,203.88999938964844
2025-08-18 18:29:00+00:00,203.88999938964844
2025-08-18 18:30:00+00:00,203.89500427246094
2025-08-18 18:31:00+00:00,203.94000244140625
2025-08-18 18:32:00+00:00,203.97430419921875
2025-08-18 18:33:00+00:00,203.90719604492188
2025-08-18 18:34:00+00:00,203.94000244140625
2025-08-18 18:35:00+00:00,203.9600067138672
2025-08-18 18:36:00+00:00,203.9600067138672
2025-08-18 18:37:00+00:00,203.91229248046875
2025-08-18 18:38:00+00:00,203.80999755859375
2025-08-18 18:39:00+00:00,203.80999755859375
2025-08-18 18:40:00+00:00,203.76499938964844
2025-08-18 18:41:00+00:00,203.71499633789062
2025-08-18 18:42:00+00:00,203.75999450683594
2025-08-18 18:43:00+00:00,203.83999633789062
2025-08-18 18:44:00+00:00,203.82130432128906
2025-08-18 18:45:00+00:00,203.83999633789062
2025-08-18 18:46:00+00:00,203.83999633789062
2025-08-18 18:47:00+00:00,203.84500122070312
2025-08-18 18:48:00+00:00,203.8000030517578
2025-08-18 18:49:00+00:00,203.82000732421875
2025-08-18 18:50:00+00:00,203.8249969482422
2025-08-18 18:51:00+00:00,203.84930419921875
2025-08-18 18:52:00+00:00,203.88999938964844
2025-08-18 18:53:00+00:00,203.91000366210938
2025-08-18 18:54:00+00:00,203.93499755859375
2025-08-18 18:55:00+00:00,204.0
2025-08-18 18:56:00+00:00,204.00999450683594
2025-08-18 18:57:00+00:00,204.0800018310547
2025-08-18 18:58:00+00:00,204.05499267578125
2025-08-18 18:59:00+00:00,204.00999450683594
2025-08-18 19:00:00+00:00,204.02000427246094
2025-08-18 19:01:00+00:00,204.0399932861328
2025-08-18 19:02:00+00:00,204.0399932861328
2025-08-18 19:03:00+00:00,204.1199951171875
2025-08-18 19:04:00+00:00,204.16000366210938
2025-08-18 19:05:00+00:00,204.11500549316406
2025-08-18 19:06:00+00:00,204.01010131835938
2025-08-18 19:07:00+00:00,204.10069274902344
2025-08-18 19:08:00+00:00,204.1300048828125
2025-08-18 19:09:00+00:00,204.07000732421875
2025-08-18 19:10:00+00:00,204.0399932861328
2025-08-18 19:11:00+00:00,204.0
2025-08-18 19:12:00+00:00,203.97000122070312
2025-08-18 19:13:00+00:00,203.9600067138672
2025-08-18 19:14:00+00:00,203.9499969482422
2025-08-18 19:15:00+00:00,203.99000549316406
2025-08-18 19:16:00+00:00,204.07960510253906
2025-08-18 19:17:00+00:00,204.0334930419922
2025-08-18 19:18:00+00:00,204.0749969482422
2025-08-18 19:19:00+00:00,204.1649932861328
2025-08-18 19:20:00+00:00,204.12750244140625
2025-08-18 19:21:00+00:00,204.14999389648438
2025-08-18 19:22:00+00:00,204.22000122070312
2025-08-18 19:23:00+00:00,204.1699981689453
2025-08-18 19:24:00+00:00,204.17999267578125
2025-08-18 19:25:00+00:00,204.125
2025-08-18 19:26:00+00:00,204.1300048828125
2025-08-18 19:27:00+00:00,204.19000244140625
2025-08-18 19:28:00+00:00,204.16000366210938
2025-08-18 19:29:00+00:00,204.13999938964844
2025-08-18 19:30:00+00:00,204.0800018310547
2025-08-18 19:31:00+00:00,204.0500030517578
2025-08-18 19:32:00+00:00,204.11000061035156
2025-08-18 19:33:00+00:00,204.08999633789062
2025-08-18 19:34:00+00:00,204.09500122070312
2025-08-18 19:35:00+00:00,204.1376953125
2025-08-18 19:36:00+00:00,204.10000610351562
2025-08-18 19:37:00+00:00,204.14999389648438
2025-08-18 19:38:00+00:00,204.10499572753906
2025-08-18 19:39:00+00:00,204.0800018310547
2025-08-18 19:40:00+00:00,204.1118927001953
2025-08-18 19:41:00+00:00,204.1199951171875
2025-08-18 19:42:00+00:00,204.08999633789062
2025-08-18 19:43:00+00:00,204.17999267578125
2025-08-18 19:44:00+00:00,204.15499877929688
2025-08-18 19:45:00+00:00,204.19000244140625
2025-08-18 19:46:00+00:00,204.21499633789062
2025-08-18 19:47:00+00:00,204.2248992919922
2025-08-18 19:48:00+00:00,204.22000122070312
2025-08-18 19:49:00+00:00,204.27000427246094
2025-08-18 19:50:00+00:00,204.39999389648438
2025-08-18 19:51:00+00:00,204.27000427246094
2025-08-18 19:52:00+00:00,204.18499755859375
2025-08-18 19:53:00+00:00,204.23989868164062
2025-08-18 19:54:00+00:00,204.4250030517578
2025-08-18 19:55:00+00:00,204.2449951171875
2025-08-18 19:56:00+00:00,204.3800048828125
2025-08-18 19:57:00+00:00,204.3699951171875
2025-08-18 19:58:00+00:00,204.3699951171875
2025-08-18 19:59:00+00:00,204.2899932861328
2025-08-19 13:30:00+00:00,203.5850067138672
2025-08-19 13:31:00+00:00,203.02499389648438
2025-08-19 13:32:00+00:00,202.77000427246094
2025-08-19 13:33:00+00:00,202.58999633789062
2025-08-19 13:34:00+00:00,202.3800048828125
2025-08-19 13:35:00+00:00,202.3000030517578
2025-08-19 13:36:00+00:00,202.3217010498047
2025-08-19 13:37:00+00:00,202.50999450683594
2025-08-19 13:38:00+00:00,202.45260620117188
2025-08-19 13:39:00+00:00,202.4199981689453
2025-08-19 13:40:00+00:00,202.7884063720703
2025-08-19 13:41:00+00:00,202.73500061035156
2025-08-19 13:42:00+00:00,202.96499633789062
2025-08-19 13:43:00+00:00,202.64500427246094
2025-08-19 13:44:00+00:00,202.48500061035156
2025-08-19 13:45:00+00:00,202.27000427246094
2025-08-19 13:46:00+00:00,202.1802978515625
2025-08-19 13:47:00+00:00,202.1999969482422
2025-08-19 13:48:00+00:00,202.0399932861328
2025-08-19 13:49:00+00:00,202.1699981689453
2025-08-19 13:50:00+00:00,202.1699981689453
2025-08-19 13:51:00+00:00,201.92999267578125
2025-08-19 13:52:00+00:00,202.05499267578125
2025-08-19 13:53:00+00:00,202.2100067138672
2025-08-19 13:54:00+00:00,202.2100067138672
2025-08-19 13:55:00+00:00,202.0800018310547
2025-08-19 13:56:00+00:00,202.27000427246094
2025-08-19 13:57:00+00:00,202.46620178222656
2025-08-19 13:58:00+00:00,202.5399932861328
2025-08-19 13:59:00+00:00,202.57000732421875
2025-08-19 14:00:00+00:00,202.8000030517578
2025-08-19 14:01:00+00:00,202.9600067138672
2025-08-19 14:02:00+00:00,202.88999938964844
2025-08-19 14:03:00+00:00,203.09559631347656
2025-08-19 14:04:00+00:00,203.452392578125
2025-08-19 14:05:00+00:00,203.38499450683594
2025-08-19 14:06:00+00:00,203.22509765625
2025-08-19 14:07:00+00:00,203.16000366210938
2025-08-19 14:08:00+00:00,202.86000061035156
2025-08-19 14:09:00+00:00,203.07339477539062
2025-08-19 14:10:00+00:00,202.97459411621094
2025-08-19 14:11:00+00:00,202.71299743652344
2025-08-19 14:12:00+00:00,202.76499938964844
2025-08-19 14:13:00+00:00,202.6199951171875
2025-08-19 14:14:00+00:00,202.5800018310547
2025-08-19 14:15:00+00:00,202.4499969482422
2025-08-19 14:16:00+00:00,202.1157989501953
2025-08-19 14:17:00+00:00,202.17999267578125
2025-08-19 14:18:00+00:00,202.27999877929688
2025-08-19 14:19:00+00:00,202.3300018310547
2025-08-19 14:20:00+00:00,202.3105926513672
2025-08-19 14:21:00+00:00,202.39999389648438
2025-08-19 14:22:00+00:00,202.46499633789062
2025-08-19 14:23:00+00:00,202.38999938964844
2025-08-19 14:24:00+00:00,202.30999755859375
2025-08-19 14:25:00+00:00,202.2449951171875
2025-08-19 14:26:00+00:00,202.22999572753906
2025-08-19 14:27:00+00:00,202.07000732421875
2025-08-19 14:28:00+00:00,202.0157012939453
2025-08-19 14:29:00+00:00,202.0500030517578
2025-08-19 14:30:00+00:00,201.9239959716797
2025-08-19 14:31:00+00:00,201.88999938964844
2025-08-19 14:32:00+00:00,202.08999633789062
2025-08-19 14:33:00+00:00,202.27029418945312
2025-08-19 14:34:00+00:00,202.0
2025-08-19 14:35:00+00:00,202.07000732421875
2025-08-19 14:36:00+00:00,201.8699951171875
2025-08-19 14:37:00+00:00,201.69000244140625
2025-08-19 14:38:00+00:00,201.50999450683594
2025-08-19 14:39:00+00:00,201.31199645996094
2025-08-19 14:40:00+00:00,201.52999877929688
2025-08-19 14:41:00+00:00,201.50999450683594
2025-08-19 14:42:00+00:00,201.50860595703125
2025-08-19 14:43:00+00:00,201.29400634765625
2025-08-19 14:44:00+00:00,201.19000244140625
2025-08-19 14:45:00+00:00,201.1300048828125
2025-08-19 14:46:00+00:00,201.2451934814453
2025-08-19 14:47:00+00:00,201.30499267578125
2025-08-19 14:48:00+00:00,201.31619262695312
2025-08-19 14:49:00+00:00,201.23500061035156
2025-08-19 14:50:00+00:00,201.11610412597656
2025-08-19 14:51:00+00:00,201.02980041503906
2025-08-19 14:52:00+00:00,201.27000427246094
2025-08-19 14:53:00+00:00,201.5399932861328
2025-08-19 14:54:00+00:00,201.5500030517578
2025-08-19 14:55:00+00:00,201.66000366210938
2025-08-19 14:56:00+00:00,201.67999267578125
2025-08-19 14:57:00+00:00,201.47000122070312
2025-08-19 14:58:00+00:00,201.35499572753906
2025-08-19 14:59:00+00:00,201.38999938964844
2025-08-19 15:00:00+00:00,201.44000244140625
2025-08-19 15:01:00+00:00,201.44000244140625
2025-08-19 15:02:00+00:00,201.39999389648438
2025-08-19 15:03:00+00:00,201.5399932861328
2025-08-19 15:04:00+00:00,201.47000122070312
2025-08-19 15:05:00+00:00,201.63510131835938
2025-08-19 15:06:00+00:00,201.47999572753906
2025-08-19 15:07:00+00:00,201.50999450683594
2025-08-19 15:08:00+00:00,201.41000366210938
2025-08-19 15:09:00+00:00,201.61000061035156
2025-08-19 15:10:00+00:00,201.5399932861328
2025-08-19 15:11:00+00:00,201.55430603027344
2025-08-19 15:12:00+00:00,201.50999450683594
2025-08-19 15:13:00+00:00,201.63999938964844
2025-08-19 15:14:00+00:00,201.71499633789062
2025-08-19 15:15:00+00:00,201.7100067138672
2025-08-19 15:16:00+00:00,201.74459838867188
2025-08-19 15:17:00+00:00,201.72999572753906
2025-08-19 15:18:00+00:00,201.80499267578125
2025-08-19 15:19:00+00:00,201.77999877929688
2025-08-19 15:20:00+00:00,201.72000122070312
2025-08-19 15:21:00+00:00,201.6750030517578
2025-08-19 15:22:00+00:00,201.5500030517578
2025-08-19 15:23:00+00:00,201.57000732421875
2025-08-19 15:24:00+00:00,201.50070190429688
2025-08-19 15:25:00+00:00,201.4199981689453
2025-08-19 15:26:00+00:00,201.5
2025-08-19 15:27:00+00:00,201.50999450683594
2025-08-19 15:28:00+00:00,201.44000244140625
2025-08-19 15:29:00+00:00,201.4250030517578
2025-08-19 15:30:00+00:00,201.39999389648438
2025-08-19 15:31:00+00:00,201.5500030517578
2025-08-19 15:32:00+00:00,201.625
2025-08-19 15:33:00+00:00,201.70899963378906
2025-08-19 15:34:00+00:00,201.5500030517578
2025-08-19 15:35:00+00:00,201.5800018310547
2025-08-19 15:36:00+00:00,201.5
2025-08-19 15:37:00+00:00,201.5413055419922
2025-08-19 15:38:00+00:00,201.52000427246094
2025-08-19 15:39:00+00:00,201.52999877929688
2025-08-19 15:40:00+00:00,201.65499877929688
2025-08-19 15:41:00+00:00,201.58299255371094
2025-08-19 15:42:00+00:00,201.66000366210938
2025-08-19 15:43:00+00:00,201.72000122070312
2025-08-19 15:44:00+00:00,201.75
2025-08-19 15:45:00+00:00,201.6968994140625
2025-08-19 15:46:00+00:00,201.66000366210938
2025-08-19 15:47:00+00:00,201.6999969482422
2025-08-19 15:48:00+00:00,201.82000732421875
2025-08-19 15:49:00+00:00,201.75999450683594
2025-08-19 15:50:00+00:00,201.80239868164062
2025-08-19 15:51:00+00:00,201.63999938964844
2025-08-19 15:52:00+00:00,201.60000610351562
2025-08-19 15:53:00+00:00,201.64500427246094
2025-08-19 15:54:00+00:00,201.60000610351562
2025-08-19 15:55:00+00:00,201.5399932861328
2025-08-19 15:56:00+00:00,201.60000610351562
2025-08-19 15:57:00+00:00,201.64500427246094
2025-08-19 15:58:00+00:00,201.60000610351562
2025-08-19 15:59:00+00:00,201.55999755859375
2025-08-19 16:00:00+00:00,201.61000061035156
2025-08-19 16:01:00+00:00,201.7050018310547
2025-08-19 16:02:00+00:00,201.64500427246094
2025-08-19 16:03:00+00:00,201.52999877929688
2025-08-19 16:04:00+00:00,201.52000427246094
2025-08-19 16:05:00+00:00,201.41650390625
2025-08-19 16:06:00+00:00,201.3730010986328
2025-08-19 16:07:00+00:00,201.19000244140625
2025-08-19 16:08:00+00:00,201.21499633789062
2025-08-19 16:09:00+00:00,201.21499633789062
2025-08-19 16:10:00+00:00,201.13999938964844
2025-08-19 16:11:00+00:00,201.13999938964844
2025-08-19 16:12:00+00:00,201.00999450683594
2025-08-19 16:13:00+00:00,200.96119689941406
2025-08-19 16:14:00+00:00,200.92999267578125
2025-08-19 16:15:00+00:00,201.09840393066406
2025-08-19 16:16:00+00:00,201.35000610351562
2025-08-19 16:17:00+00:00,201.43499755859375
2025-08-19 16:18:00+00:00,201.44500732421875
2025-08-19 16:19:00+00:00,201.3800048828125
2025-08-19 16:20:00+00:00,201.47000122070312
2025-08-19 16:21:00+00:00,201.5749969482422
2025-08-19 16:22:00+00:00,201.50140380859375
2025-08-19 16:23:00+00:00,201.57000732421875
2025-08-19 16:24:00+00:00,201.4694061279297
2025-08-19 16:25:00+00:00,201.34500122070312
2025-08-19 16:26:00+00:00,201.42999267578125
2025-08-19 16:27:00+00:00,201.3000030517578
2025-08-19 16:28:00+00:00,201.39999389648438
2025-08-19 16:29:00+00:00,201.49000549316406
2025-08-19 16:30:00+00:00,201.47500610351562
2025-08-19 16:31:00+00:00,201.40499877929688
2025-08-19 16:32:00+00:00,201.42999267578125
2025-08-19 16:33:00+00:00,201.47500610351562
2025-08-19 16:34:00+00:00,201.5261993408203
2025-08-19 16:35:00+00:00,201.55999755859375
2025-08-19 16:36:00+00:00,201.5
2025-08-19 16:37:00+00:00,201.52000427246094
2025-08-19 16:38:00+00:00,201.50999450683594
2025-08-19 16:39:00+00:00,201.4600067138672
2025-08-19 16:40:00+00:00,201.3804931640625
2025-08-19 16:41:00+00:00,201.3300018310547
2025-08-19 16:42:00+00:00,201.38299560546875
2025-08-19 16:43:00+00:00,201.25660705566406
2025-08-19 16:44:00+00:00,201.4199981689453
2025-08-19 16:45:00+00:00,201.27999877929688
2025-08-19 16:46:00+00:00,201.36000061035156
2025-08-19 16:47:00+00:00,201.35499572753906
2025-08-19 16:48:00+00:00,201.3800048828125
2025-08-19 16:49:00+00:00,201.43499755859375
2025-08-19 16:50:00+00:00,201.40499877929688
2025-08-19 16:51:00+00:00,201.47000122070312
2025-08-19 16:52:00+00:00,201.47999572753906
2025-08-19 16:53:00+00:00,201.44000244140625
2025-08-19 16:54:00+00:00,201.3800048828125
2025-08-19 16:55:00+00:00,201.3699951171875
2025-08-19 16:56:00+00:00,201.3699951171875
2025-08-19 16:57:00+00:00,201.39999389648438
2025-08-19 16:58:00+00:00,201.4250030517578
2025-08-19 16:59:00+00:00,201.32000732421875
2025-08-19 17:00:00+00:00,201.3614044189453
2025-08-19 17:01:00+00:00,201.36500549316406
2025-08-19 17:02:00+00:00,201.39999389648438
2025-08-19 17:03:00+00:00,201.4199981689453
2025-08-19 17:04:00+00:00,201.4199981689453
2025-08-19 17:05:00+00:00,201.40139770507812
2025-08-19 17:06:00+00:00,201.43899536132812
2025-08-19 17:07:00+00:00,201.49000549316406
2025-08-19 17:08:00+00:00,201.4199981689453
2025-08-19 17:09:00+00:00,201.40499877929688
2025-08-19 17:10:00+00:00,201.41000366210938
2025-08-19 17:11:00+00:00,201.40499877929688
2025-08-19 17:12:00+00:00,201.5399932861328
2025-08-19 17:13:00+00:00,201.4949951171875
2025-08-19 17:14:00+00:00,201.4886016845703
2025-08-19 17:15:00+00:00,201.52000427246094
2025-08-19 17:16:00+00:00,201.52999877929688
2025-08-19 17:17:00+00:00,201.53500366210938
2025-08-19 17:18:00+00:00,201.4600067138672
2025-08-19 17:19:00+00:00,201.56410217285156
2025-08-19 17:20:00+00:00,201.61000061035156
2025-08-19 17:21:00+00:00,201.58180236816406
2025-08-19 17:22:00+00:00,201.66000366210938
2025-08-19 17:23:00+00:00,201.6999969482422
2025-08-19 17:24:00+00:00,201.64999389648438
2025-08-19 17:25:00+00:00,201.74000549316406
2025-08-19 17:26:00+00:00,201.7100067138672
2025-08-19 17:27:00+00:00,201.75
2025-08-19 17:28:00+00:00,201.79620361328125
2025-08-19 17:29:00+00:00,201.75999450683594
2025-08-19 17:30:00+00:00,201.85000610351562
2025-08-19 17:31:00+00:00,201.9149932861328
2025-08-19 17:32:00+00:00,201.99000549316406
2025-08-19 17:33:00+00:00,202.0449981689453
2025-08-19 17:34:00+00:00,202.0500030517578
2025-08-19 17:35:00+00:00,202.04010009765625
2025-08-19 17:36:00+00:00,202.01499938964844
2025-08-19 17:37:00+00:00,202.10000610351562
2025-08-19 17:38:00+00:00,202.16000366210938
2025-08-19 17:39:00+00:00,202.08999633789062
2025-08-19 17:40:00+00:00,202.10079956054688
2025-08-19 17:41:00+00:00,202.14639282226562
2025-08-19 17:42:00+00:00,202.0800018310547
2025-08-19 17:43:00+00:00,202.16000366210938
2025-08-19 17:44:00+00:00,202.125
2025-08-19 17:45:00+00:00,202.00999450683594
2025-08-19 17:46:00+00:00,201.9199981689453
2025-08-19 17:47:00+00:00,201.94000244140625
2025-08-19 17:48:00+00:00,201.91009521484375
2025-08-19 17:49:00+00:00,201.9499969482422
2025-08-19 17:50:00+00:00,201.94000244140625
2025-08-19 17:51:00+00:00,201.9302978515625
2025-08-19 17:52:00+00:00,201.8800048828125
2025-08-19 17:53:00+00:00,201.8699951171875
2025-08-19 17:54:00+00:00,201.92999267578125
2025-08-19 17:55:00+00:00,201.92999267578125
2025-08-19 17:56:00+00:00,201.93919372558594
2025-08-19 17:57:00+00:00,202.02999877929688
2025-08-19 17:58:00+00:00,201.9949951171875
2025-08-19 17:59:00+00:00,202.02000427246094
2025-08-19 18:00:00+00:00,202.01499938964844
2025-08-19 18:01:00+00:00,201.93499755859375
2025-08-19 18:02:00+00:00,202.00999450683594
2025-08-19 18:03:00+00:00,201.8300018310547
2025-08-19 18:04:00+00:00,201.86500549316406
2025-08-19 18:05:00+00:00,201.83999633789062
2025-08-19 18:06:00+00:00,201.91000366210938
2025-08-19 18:07:00+00:00,201.9597930908203
2025-08-19 18:08:00+00:00,201.91659545898438
2025-08-19 18:09:00+00:00,201.9949951171875
2025-08-19 18:10:00+00:00,201.9499969482422
2025-08-19 18:11:00+00:00,201.97000122070312
2025-08-19 18:12:00+00:00,201.88340759277344
2025-08-19 18:13:00+00:00,201.87570190429688
2025-08-19 18:14:00+00:00,201.81500244140625
2025-08-19 18:15:00+00:00,201.82000732421875
2025-08-19 18:16:00+00:00,201.82859802246094
2025-08-19 18:17:00+00:00,201.89999389648438
2025-08-19 18:18:00+00:00,201.88999938964844
2025-08-19 18:19:00+00:00,201.8699951171875
2025-08-19 18:20:00+00:00,201.86000061035156
2025-08-19 18:21:00+00:00,201.88369750976562
2025-08-19 18:22:00+00:00,201.84730529785156
2025-08-19 18:23:00+00:00,201.7899932861328
2025-08-19 18:24:00+00:00,201.77000427246094
2025-08-19 18:25:00+00:00,201.89999389648438
2025-08-19 18:26:00+00:00,201.8350067138672
2025-08-19 18:27:00+00:00,201.7864990234375
2025-08-19 18:28:00+00:00,201.8800048828125
2025-08-19 18:29:00+00:00,202.0
2025-08-19 18:30:00+00:00,202.02999877929688
2025-08-19 18:31:00+00:00,202.02999877929688
2025-08-19 18:32:00+00:00,202.05999755859375
2025-08-19 18:33:00+00:00,202.035400390625
2025-08-19 18:34:00+00:00,202.02000427246094
2025-08-19 18:35:00+00:00,201.99000549316406
2025-08-19 18:36:00+00:00,201.9600067138672
2025-08-19 18:37:00+00:00,201.99620056152344
2025-08-19 18:38:00+00:00,202.02000427246094
2025-08-19 18:39:00+00:00,202.05999755859375
2025-08-19 18:40:00+00:00,202.17999267578125
2025-08-19 18:41:00+00:00,202.13999938964844
2025-08-19 18:42:00+00:00,202.1699981689453
2025-08-19 18:43:00+00:00,202.1199951171875
2025-08-19 18:44:00+00:00,202.20840454101562
2025-08-19 18:45:00+00:00,202.19000244140625
2025-08-19 18:46:00+00:00,202.1699981689453
2025-08-19 18:47:00+00:00,202.17999267578125
2025-08-19 18:48:00+00:00,202.17999267578125
2025-08-19 18:49:00+00:00,202.16000366210938
2025-08-19 18:50:00+00:00,202.1300048828125
2025-08-19 18:51:00+00:00,202.1300048828125
2025-08-19 18:52:00+00:00,202.17739868164062
2025-08-19 18:53:00+00:00,202.25999450683594
2025-08-19 18:54:00+00:00,202.27999877929688
2025-08-19 18:55:00+00:00,202.3000030517578
2025-08-19 18:56:00+00:00,202.27999877929688
2025-08-19 18:57:00+00:00,202.2100067138672
2025-08-19 18:58:00+00:00,202.22000122070312
2025-08-19 18:59:00+00:00,202.19000244140625
2025-08-19 19:00:00+00:00,202.1300048828125
2025-08-19 19:01:00+00:00,202.07000732421875
2025-08-19 19:02:00+00:00,202.1199951171875
2025-08-19 19:03:00+00:00,202.1649932861328
2025-08-19 19:04:00+00:00,202.22000122070312
2025-08-19 19:05:00+00:00,202.1999969482422
2025-08-19 19:06:00+00:00,202.125
2025-08-19 19:07:00+00:00,202.14500427246094
2025-08-19 19:08:00+00:00,202.19000244140625
2025-08-19 19:09:00+00:00,202.0800018310547
2025-08-19 19:10:00+00:00,201.9149932861328
2025-08-19 19:11:00+00:00,202.08999633789062
2025-08-19 19:12:00+00:00,202.13999938964844
2025-08-19 19:13:00+00:00,202.13999938964844
2025-08-19 19:14:00+00:00,202.17999267578125
2025-08-19 19:15:00+00:00,202.2449951171875
2025-08-19 19:16:00+00:00,202.27000427246094
2025-08-19 19:17:00+00:00,202.2550048828125
2025-08-19 19:18:00+00:00,202.35000610351562
2025-08-19 19:19:00+00:00,202.375
2025-08-19 19:20:00+00:00,202.36000061035156
2025-08-19 19:21:00+00:00,202.36500549316406
2025-08-19 19:22:00+00:00,202.27999877929688
2025-08-19 19:23:00+00:00,202.32159423828125
2025-08-19 19:24:00+00:00,202.29010009765625
2025-08-19 19:25:00+00:00,202.26499938964844
2025-08-19 19:26:00+00:00,202.2550048828125
2025-08-19 19:27:00+00:00,202.2899932861328
2025-08-19 19:28:00+00:00,202.30999755859375
2025-08-19 19:29:00+00:00,202.25999450683594
2025-08-19 19:30:00+00:00,202.42999267578125
2025-08-19 19:31:00+00:00,202.39999389648438
2025-08-19 19:32:00+00:00,202.4499969482422
2025-08-19 19:33:00+00:00,202.47000122070312
2025-08-19 19:34:00+00:00,202.4199981689453
2025-08-19 19:35:00+00:00,202.5
2025-08-19 19:36:00+00:00,202.49000549316406
2025-08-19 19:37:00+00:00,202.47500610351562
2025-08-19 19:38:00+00:00,202.4600067138672
2025-08-19 19:39:00+00:00,202.47000122070312
2025-08-19 19:40:00+00:00,202.47500610351562
2025-08-19 19:41:00+00:00,202.4499969482422
2025-08-19 19:42:00+00:00,202.44000244140625
2025-08-19 19:43:00+00:00,202.4842987060547
2025-08-19 19:44:00+00:00,202.44000244140625
2025-08-19 19:45:00+00:00,202.38999938964844
2025-08-19 19:46:00+00:00,202.3000030517578
2025-08-19 19:47:00+00:00,202.2899932861328
2025-08-19 19:48:00+00:00,202.2100067138672
2025-08-19 19:49:00+00:00,202.22000122070312
2025-08-19 19:50:00+00:00,202.12399291992188
2025-08-19 19:51:00+00:00,202.17999267578125
2025-08-19 19:52:00+00:00,202.27999877929688
2025-08-19 19:53:00+00:00,202.4600067138672
2025-08-19 19:54:00+00:00,202.35000610351562
2025-08-19 19:55:00+00:00,202.375
2025-08-19 19:56:00+00:00,202.3800048828125
2025-08-19 19:57:00+00:00,202.38499450683594
2025-08-19 19:58:00+00:00,202.42999267578125
2025-08-19 19:59:00+00:00,202.52999877929688
2025-08-20 13:30:00+00:00,201.92999267578125
2025-08-20 13:31:00+00:00,201.39999389648438
2025-08-20 13:32:00+00:00,201.13999938964844
2025-08-20 13:33:00+00:00,201.3000030517578
2025-08-20 13:34:00+00:00,200.40499877929688
2025-08-20 13:35:00+00:00,200.7949981689453
2025-08-20 13:36:00+00:00,200.4949951171875
2025-08-20 13:37:00+00:00,200.22999572753906
2025-08-20 13:38:00+00:00,200.3905029296875
2025-08-20 13:39:00+00:00,200.10000610351562
2025-08-20 13:40:00+00:00,200.1645965576172
2025-08-20 13:41:00+00:00,200.01919555664062
2025-08-20 13:42:00+00:00,200.25999450683594
2025-08-20 13:43:00+00:00,199.75
2025-08-20 13:44:00+00:00,199.86000061035156
2025-08-20 13:45:00+00:00,199.6999969482422
2025-08-20 13:46:00+00:00,199.77999877929688
2025-08-20 13:47:00+00:00,199.52499389648438
2025-08-20 13:48:00+00:00,199.55999755859375
2025-08-20 13:49:00+00:00,199.5626983642578
2025-08-20 13:50:00+00:00,199.7100067138672
2025-08-20 13:51:00+00:00,199.27000427246094
2025-08-20 13:52:00+00:00,198.97500610351562
2025-08-20 13:53:00+00:00,198.9550018310547
2025-08-20 13:54:00+00:00,198.82000732421875
2025-08-20 13:55:00+00:00,198.9149932861328
2025-08-20 13:56:00+00:00,198.75999450683594
2025-08-20 13:57:00+00:00,198.9199981689453
2025-08-20 13:58:00+00:00,199.02000427246094
2025-08-20 13:59:00+00:00,199.1300048828125
2025-08-20 14:00:00+00:00,199.24000549316406
2025-08-20 14:01:00+00:00,199.33639526367188
2025-08-20 14:02:00+00:00,199.7100067138672
2025-08-20 14:03:00+00:00,199.71499633789062
2025-08-20 14:04:00+00:00,199.44500732421875
2025-08-20 14:05:00+00:00,199.2100067138672
2025-08-20 14:06:00+00:00,198.86000061035156
2025-08-20 14:07:00+00:00,198.89999389648438
2025-08-20 14:08:00+00:00,198.50999450683594
2025-08-20 14:09:00+00:00,198.52499389648438
2025-08-20 14:10:00+00:00,198.2550048828125
2025-08-20 14:11:00+00:00,198.27999877929688
2025-08-20 14:12:00+00:00,197.99000549316406
2025-08-20 14:13:00+00:00,198.35000610351562
2025-08-20 14:14:00+00:00,198.52000427246094
2025-08-20 14:15:00+00:00,198.65499877929688
2025-08-20 14:16:00+00:00,198.49000549316406
2025-08-20 14:17:00+00:00,198.7100067138672
2025-08-20 14:18:00+00:00,198.50999450683594
2025-08-20 14:19:00+00:00,198.72999572753906
2025-08-20 14:20:00+00:00,198.77000427246094
2025-08-20 14:21:00+00:00,198.8249969482422
2025-08-20 14:22:00+00:00,199.00999450683594
2025-08-20 14:23:00+00:00,199.07000732421875
2025-08-20 14:24:00+00:00,199.08999633789062
2025-08-20 14:25:00+00:00,198.97999572753906
2025-08-20 14:26:00+00:00,198.8800048828125
2025-08-20 14:27:00+00:00,198.9257049560547
2025-08-20 14:28:00+00:00,198.69000244140625
2025-08-20 14:29:00+00:00,198.5449981689453
2025-08-20 14:30:00+00:00,198.5
2025-08-20 14:31:00+00:00,198.51499938964844
2025-08-20 14:32:00+00:00,198.42999267578125
2025-08-20 14:33:00+00:00,198.35000610351562
2025-08-20 14:34:00+00:00,198.2550048828125
2025-08-20 14:35:00+00:00,198.33999633789062
2025-08-20 14:36:00+00:00,198.3800048828125
2025-08-20 14:37:00+00:00,198.39500427246094
2025-08-20 14:38:00+00:00,198.61000061035156
2025-08-20 14:39:00+00:00,198.35000610351562
2025-08-20 14:40:00+00:00,198.4199981689453
2025-08-20 14:41:00+00:00,198.24000549316406
2025-08-20 14:42:00+00:00,198.24000549316406
2025-08-20 14:43:00+00:00,198.07000732421875
2025-08-20 14:44:00+00:00,198.21099853515625
2025-08-20 14:45:00+00:00,198.4759979248047
2025-08-20 14:46:00+00:00,198.20989990234375
2025-08-20 14:47:00+00:00,198.32960510253906
2025-08-20 14:48:00+00:00,198.22000122070312
2025-08-20 14:49:00+00:00,198.0399932861328
2025-08-20 14:50:00+00:00,197.94000244140625
2025-08-20 14:51:00+00:00,197.91000366210938
2025-08-20 14:52:00+00:00,197.8699951171875
2025-08-20 14:53:00+00:00,197.77999877929688
2025-08-20 14:54:00+00:00,197.8300018310547
2025-08-20 14:55:00+00:00,198.02499389648438
2025-08-20 14:56:00+00:00,197.8520050048828
2025-08-20 14:57:00+00:00,197.75
2025-08-20 14:58:00+00:00,197.8249969482422
2025-08-20 14:59:00+00:00,197.91000366210938
2025-08-20 15:00:00+00:00,197.77999877929688
2025-08-20 15:01:00+00:00,197.67999267578125
2025-08-20 15:02:00+00:00,197.67999267578125
2025-08-20 15:03:00+00:00,197.84500122070312
2025-08-20 15:04:00+00:00,198.14999389648438
2025-08-20 15:05:00+00:00,198.24000549316406
2025-08-20 15:06:00+00:00,198.5323944091797
2025-08-20 15:07:00+00:00,198.4499969482422
2025-08-20 15:08:00+00:00,198.39999389648438
2025-08-20 15:09:00+00:00,198.41000366210938
2025-08-20 15:10:00+00:00,198.52999877929688
2025-08-20 15:11:00+00:00,198.61500549316406
2025-08-20 15:12:00+00:00,198.77499389648438
2025-08-20 15:13:00+00:00,198.7100067138672
2025-08-20 15:14:00+00:00,198.91000366210938
2025-08-20 15:15:00+00:00,198.9199981689453
2025-08-20 15:16:00+00:00,198.8300018310547
2025-08-20 15:17:00+00:00,198.8000030517578
2025-08-20 15:18:00+00:00,198.7899932861328
2025-08-20 15:19:00+00:00,198.85000610351562
2025-08-20 15:20:00+00:00,199.14500427246094
2025-08-20 15:21:00+00:00,199.2100067138672
2025-08-20 15:22:00+00:00,199.32000732421875
2025-08-20 15:23:00+00:00,199.41000366210938
2025-08-20 15:24:00+00:00,199.66000366210938
2025-08-20 15:25:00+00:00,199.38999938964844
2025-08-20 15:26:00+00:00,199.3350067138672
2025-08-20 15:27:00+00:00,199.30999755859375
2025-08-20 15:28:00+00:00,199.42999267578125
2025-08-20 15:29:00+00:00,199.4199981689453
2025-08-20 15:30:00+00:00,199.30999755859375
2025-08-20 15:31:00+00:00,199.53500366210938
2025-08-20 15:32:00+00:00,199.66000366210938
2025-08-20 15:33:00+00:00,199.58599853515625
2025-08-20 15:34:00+00:00,199.5749969482422
2025-08-20 15:35:00+00:00,199.73599243164062
2025-08-20 15:36:00+00:00,199.70599365234375
2025-08-20 15:37:00+00:00,199.8800048828125
2025-08-20 15:38:00+00:00,199.91000366210938
2025-08-20 15:39:00+00:00,199.68499755859375
2025-08-20 15:40:00+00:00,199.72999572753906
2025-08-20 15:41:00+00:00,199.7550048828125
2025-08-20 15:42:00+00:00,199.97999572753906
2025-08-20 15:43:00+00:00,199.84500122070312
2025-08-20 15:44:00+00:00,199.82000732421875
2025-08-20 15:45:00+00:00,199.85499572753906
2025-08-20 15:46:00+00:00,199.7301025390625
2025-08-20 15:47:00+00:00,199.7100067138672
2025-08-20 15:48:00+00:00,199.5601043701172
2025-08-20 15:49:00+00:00,199.61000061035156
2025-08-20 15:50:00+00:00,199.5821075439453
2025-08-20 15:51:00+00:00,199.5050048828125
2025-08-20 15:52:00+00:00,199.42999267578125
2025-08-20 15:53:00+00:00,199.35000610351562
2025-08-20 15:54:00+00:00,199.39999389648438
2025-08-20 15:55:00+00:00,199.59500122070312
2025-08-20 15:56:00+00:00,199.41000366210938
2025-08-20 15:57:00+00:00,199.4199981689453
2025-08-20 15:58:00+00:00,199.5
2025-08-20 15:59:00+00:00,199.50999450683594
2025-08-20 16:00:00+00:00,199.50999450683594
2025-08-20 16:01:00+00:00,199.63999938964844
2025-08-20 16:02:00+00:00,199.82000732421875
2025-08-20 16:03:00+00:00,199.8699951171875
2025-08-20 16:04:00+00:00,199.86500549316406
2025-08-20 16:05:00+00:00,199.94960021972656
2025-08-20 16:06:00+00:00,199.9394073486328
2025-08-20 16:07:00+00:00,199.89999389648438
2025-08-20 16:08:00+00:00,199.97999572753906
2025-08-20 16:09:00+00:00,199.9976043701172
2025-08-20 16:10:00+00:00,200.05029296875
2025-08-20 16:11:00+00:00,200.09280395507812
2025-08-20 16:12:00+00:00,200.16000366210938
2025-08-20 16:13:00+00:00,200.26739501953125
2025-08-20 16:14:00+00:00,200.32000732421875
2025-08-20 16:15:00+00:00,200.38499450683594
2025-08-20 16:16:00+00:00,200.3300018310547
2025-08-20 16:17:00+00:00,200.47000122070312
2025-08-20 16:18:00+00:00,200.41000366210938
2025-08-20 16:19:00+00:00,200.49139404296875
2025-08-20 16:20:00+00:00,200.6750030517578
2025-08-20 16:21:00+00:00,200.6697998046875
2025-08-20 16:22:00+00:00,200.6999053955078
2025-08-20 16:23:00+00:00,200.67999267578125
2025-08-20 16:24:00+00:00,200.6999969482422
2025-08-20 16:25:00+00:00,200.8000030517578
2025-08-20 16:26:00+00:00,200.8800048828125
2025-08-20 16:27:00+00:00,200.7996063232422
2025-08-20 16:28:00+00:00,200.88499450683594
2025-08-20 16:29:00+00:00,200.9199981689453
2025-08-20 16:30:00+00:00,200.82000732421875
2025-08-20 16:31:00+00:00,200.7550048828125
2025-08-20 16:32:00+00:00,200.64999389648438
2025-08-20 16:33:00+00:00,200.80999755859375
2025-08-20 16:34:00+00:00,200.8249969482422
2025-08-20 16:35:00+00:00,200.7449951171875
2025-08-20 16:36:00+00:00,200.5399932861328
2025-08-20 16:37:00+00:00,200.64999389648438
2025-08-20 16:38:00+00:00,200.75
2025-08-20 16:39:00+00:00,200.85000610351562
2025-08-20 16:40:00+00:00,200.77000427246094
2025-08-20 16:41:00+00:00,200.6300048828125
2025-08-20 16:42:00+00:00,200.5800018310547
2025-08-20 16:43:00+00:00,200.6699981689453
2025-08-20 16:44:00+00:00,200.75999450683594
2025-08-20 16:45:00+00:00,200.73500061035156
2025-08-20 16:46:00+00:00,200.6999969482422
2025-08-20 16:47:00+00:00,200.60000610351562
2025-08-20 16:48:00+00:00,200.42750549316406
2025-08-20 16:49:00+00:00,200.4221954345703
2025-08-20 16:50:00+00:00,200.40260314941406
2025-08-20 16:51:00+00:00,200.4499969482422
2025-08-20 16:52:00+00:00,200.3699951171875
2025-08-20 16:53:00+00:00,200.39500427246094
2025-08-20 16:54:00+00:00,200.44000244140625
2025-08-20 16:55:00+00:00,200.22000122070312
2025-08-20 16:56:00+00:00,200.19000244140625
2025-08-20 16:57:00+00:00,200.17999267578125
2025-08-20 16:58:00+00:00,200.11000061035156
2025-08-20 16:59:00+00:00,200.1999969482422
2025-08-20 17:00:00+00:00,200.3083953857422
2025-08-20 17:01:00+00:00,200.25999450683594
2025-08-20 17:02:00+00:00,200.38999938964844
2025-08-20 17:03:00+00:00,200.36000061035156
2025-08-20 17:04:00+00:00,200.4329071044922
2025-08-20 17:05:00+00:00,200.38999938964844
2025-08-20 17:06:00+00:00,200.3677978515625
2025-08-20 17:07:00+00:00,200.3699951171875
2025-08-20 17:08:00+00:00,200.57000732421875
2025-08-20 17:09:00+00:00,200.51759338378906
2025-08-20 17:10:00+00:00,200.4600067138672
2025-08-20 17:11:00+00:00,200.5238037109375
2025-08-20 17:12:00+00:00,200.41250610351562
2025-08-20 17:13:00+00:00,200.3199005126953
2025-08-20 17:14:00+00:00,200.32000732421875
2025-08-20 17:15:00+00:00,200.40499877929688
2025-08-20 17:16:00+00:00,200.4600067138672
2025-08-20 17:17:00+00:00,200.30499267578125
2025-08-20 17:18:00+00:00,200.5
2025-08-20 17:19:00+00:00,200.52999877929688
2025-08-20 17:20:00+00:00,200.67999267578125
2025-08-20 17:21:00+00:00,200.74000549316406
2025-08-20 17:22:00+00:00,200.5800018310547
2025-08-20 17:23:00+00:00,200.5050048828125
2025-08-20 17:24:00+00:00,200.47000122070312
2025-08-20 17:25:00+00:00,200.52999877929688
2025-08-20 17:26:00+00:00,200.52000427246094
2025-08-20 17:27:00+00:00,200.55999755859375
2025-08-20 17:28:00+00:00,200.6024932861328
2025-08-20 17:29:00+00:00,200.61000061035156
2025-08-20 17:30:00+00:00,200.71099853515625
2025-08-20 17:31:00+00:00,200.82000732421875
2025-08-20 17:32:00+00:00,201.07000732421875
2025-08-20 17:33:00+00:00,201.13499450683594
2025-08-20 17:34:00+00:00,201.22999572753906
2025-08-20 17:35:00+00:00,201.2100067138672
2025-08-20 17:36:00+00:00,201.19000244140625
2025-08-20 17:37:00+00:00,201.1204071044922
2025-08-20 17:38:00+00:00,201.25
2025-08-20 17:39:00+00:00,201.27000427246094
2025-08-20 17:40:00+00:00,201.14739990234375
2025-08-20 17:41:00+00:00,201.07000732421875
2025-08-20 17:42:00+00:00,201.04249572753906
2025-08-20 17:43:00+00:00,201.14500427246094
2025-08-20 17:44:00+00:00,201.1999969482422
2025-08-20 17:45:00+00:00,201.33030700683594
2025-08-20 17:46:00+00:00,201.3800048828125
2025-08-20 17:47:00+00:00,201.27999877929688
2025-08-20 17:48:00+00:00,201.1199951171875
2025-08-20 17:49:00+00:00,201.10960388183594
2025-08-20 17:50:00+00:00,201.06280517578125
2025-08-20 17:51:00+00:00,200.97000122070312
2025-08-20 17:52:00+00:00,201.0500030517578
2025-08-20 17:53:00+00:00,201.1199951171875
2025-08-20 17:54:00+00:00,201.0399932861328
2025-08-20 17:55:00+00:00,200.94000244140625
2025-08-20 17:56:00+00:00,200.9199981689453
2025-08-20 17:57:00+00:00,200.77000427246094
2025-08-20 17:58:00+00:00,200.89999389648438
2025-08-20 17:59:00+00:00,200.9149932861328
2025-08-20 18:00:00+00:00,200.8300018310547
2025-08-20 18:01:00+00:00,200.875
2025-08-20 18:02:00+00:00,200.61000061035156
2025-08-20 18:03:00+00:00,200.6999969482422
2025-08-20 18:04:00+00:00,200.8300018310547
2025-08-20 18:05:00+00:00,200.74000549316406
2025-08-20 18:06:00+00:00,200.77499389648438
2025-08-20 18:07:00+00:00,200.7100067138672
2025-08-20 18:08:00+00:00,200.75
2025-08-20 18:09:00+00:00,200.88499450683594
2025-08-20 18:10:00+00:00,200.9499969482422
2025-08-20 18:11:00+00:00,200.6811981201172
2025-08-20 18:12:00+00:00,200.60040283203125
2025-08-20 18:13:00+00:00,200.6999053955078
2025-08-20 18:14:00+00:00,200.61000061035156
2025-08-20 18:15:00+00:00,200.53500366210938
2025-08-20 18:16:00+00:00,200.55999755859375
2025-08-20 18:17:00+00:00,200.5500030517578
2025-08-20 18:18:00+00:00,200.47000122070312
2025-08-20 18:19:00+00:00,200.45989990234375
2025-08-20 18:20:00+00:00,200.5
2025-08-20 18:21:00+00:00,200.4550018310547
2025-08-20 18:22:00+00:00,200.27999877929688
2025-08-20 18:23:00+00:00,200.44000244140625
2025-08-20 18:24:00+00:00,200.38499450683594
2025-08-20 18:25:00+00:00,200.44000244140625
2025-08-20 18:26:00+00:00,200.41000366210938
2025-08-20 18:27:00+00:00,200.3350067138672
2025-08-20 18:28:00+00:00,200.3300018310547
2025-08-20 18:29:00+00:00,200.22999572753906
2025-08-20 18:30:00+00:00,200.25
2025-08-20 18:31:00+00:00,200.25
2025-08-20 18:32:00+00:00,200.22999572753906
2025-08-20 18:33:00+00:00,200.36000061035156
2025-08-20 18:34:00+00:00,200.43190002441406
2025-08-20 18:35:00+00:00,200.3249969482422
2025-08-20 18:36:00+00:00,200.48500061035156
2025-08-20 18:37:00+00:00,200.57000732421875
2025-08-20 18:38:00+00:00,200.5
2025-08-20 18:39:00+00:00,200.5399932861328
2025-08-20 18:40:00+00:00,200.49000549316406
2025-08-20 18:41:00+00:00,200.53500366210938
2025-08-20 18:42:00+00:00,200.514892578125
2025-08-20 18:43:00+00:00,200.4499969482422
2025-08-20 18:44:00+00:00,200.41000366210938
2025-08-20 18:45:00+00:00,200.40499877929688
2025-08-20 18:46:00+00:00,200.35940551757812
2025-08-20 18:47:00+00:00,200.44009399414062
2025-08-20 18:48:00+00:00,200.52999877929688
2025-08-20 18:49:00+00:00,200.6199951171875
2025-08-20 18:50:00+00:00,200.5399932861328
2025-08-20 18:51:00+00:00,200.5334014892578
2025-08-20 18:52:00+00:00,200.50999450683594
2025-08-20 18:53:00+00:00,200.47000122070312
2025-08-20 18:54:00+00:00,200.47000122070312
2025-08-20 18:55:00+00:00,200.36000061035156
2025-08-20 18:56:00+00:00,200.3350067138672
2025-08-20 18:57:00+00:00,200.25999450683594
2025-08-20 18:58:00+00:00,200.3000030517578
2025-08-20 18:59:00+00:00,200.25010681152344
2025-08-20 19:00:00+00:00,200.38499450683594
2025-08-20 19:01:00+00:00,200.41000366210938
2025-08-20 19:02:00+00:00,200.36000061035156
2025-08-20 19:03:00+00:00,200.38999938964844
2025-08-20 19:04:00+00:00,200.5
2025-08-20 19:05:00+00:00,200.47999572753906
2025-08-20 19:06:00+00:00,200.5399932861328
2025-08-20 19:07:00+00:00,200.47999572753906
2025-08-20 19:08:00+00:00,200.4600067138672
2025-08-20 19:09:00+00:00,200.50999450683594
2025-08-20 19:10:00+00:00,200.58999633789062
2025-08-20 19:11:00+00:00,200.74000549316406
2025-08-20 19:12:00+00:00,200.8800048828125
2025-08-20 19:13:00+00:00,200.75999450683594
2025-08-20 19:14:00+00:00,200.77000427246094
2025-08-20 19:15:00+00:00,200.8300018310547
2025-08-20 19:16:00+00:00,200.84840393066406
2025-08-20 19:17:00+00:00,200.89999389648438
2025-08-20 19:18:00+00:00,200.94000244140625
2025-08-20 19:19:00+00:00,200.8800048828125
2025-08-20 19:20:00+00:00,200.9550018310547
2025-08-20 19:21:00+00:00,200.9600067138672
2025-08-20 19:22:00+00:00,200.99000549316406
2025-08-20 19:23:00+00:00,201.11000061035156
2025-08-20 19:24:00+00:00,201.1300048828125
2025-08-20 19:25:00+00:00,200.9199981689453
2025-08-20 19:26:00+00:00,200.82000732421875
2025-08-20 19:27:00+00:00,200.7899932861328
2025-08-20 19:28:00+00:00,200.7550048828125
2025-08-20 19:29:00+00:00,200.74000549316406
2025-08-20 19:30:00+00:00,200.69000244140625
2025-08-20 19:31:00+00:00,200.7550048828125
2025-08-20 19:32:00+00:00,200.64999389648438
2025-08-20 19:33:00+00:00,200.66000366210938
2025-08-20 19:34:00+00:00,200.75999450683594
2025-08-20 19:35:00+00:00,200.69000244140625
2025-08-20 19:36:00+00:00,200.6876983642578
2025-08-20 19:37:00+00:00,200.60000610351562
2025-08-20 19:38:00+00:00,200.64999389648438
2025-08-20 19:39:00+00:00,200.53720092773438
2025-08-20 19:40:00+00:00,200.61000061035156
2025-08-20 19:41:00+00:00,200.61000061035156
2025-08-20 19:42:00+00:00,200.63999938964844
2025-08-20 19:43:00+00:00,200.65499877929688
2025-08-20 19:44:00+00:00,200.6699981689453
2025-08-20 19:45:00+00:00,200.72000122070312
2025-08-20 19:46:00+00:00,200.74000549316406
2025-08-20 19:47:00+00:00,200.72000122070312
2025-08-20 19:48:00+00:00,200.77569580078125
2025-08-20 19:49:00+00:00,200.86000061035156
2025-08-20 19:50:00+00:00,200.55999755859375
2025-08-20 19:51:00+00:00,200.38119506835938
2025-08-20 19:52:00+00:00,200.49139404296875
2025-08-20 19:53:00+00:00,200.81480407714844
2025-08-20 19:54:00+00:00,200.86000061035156
2025-08-20 19:55:00+00:00,200.47000122070312
2025-08-20 19:56:00+00:00,200.33999633789062
2025-08-20 19:57:00+00:00,200.3699951171875
2025-08-20 19:58:00+00:00,200.2100067138672
2025-08-20 19:59:00+00:00,200.17100524902344
2025-08-21 13:30:00+00:00,200.55999755859375
2025-08-21 13:31:00+00:00,200.7050018310547
2025-08-21 13:32:00+00:00,200.88999938964844
2025-08-21 13:33:00+00:00,201.72999572753906
2025-08-21 13:34:00+00:00,201.6199951171875
2025-08-21 13:35:00+00:00,201.48500061035156
2025-08-21 13:38:00+00:00,201.99000549316406
2025-08-21 13:39:00+00:00,201.91000366210938
2025-08-21 13:40:00+00:00,201.60000610351562
2025-08-21 13:41:00+00:00,201.74000549316406
2025-08-21 13:42:00+00:00,201.9149932861328
2025-08-21 13:43:00+00:00,202.1999969482422
2025-08-21 13:44:00+00:00,201.96499633789062
2025-08-21 13:45:00+00:00,201.3300018310547
2025-08-21 13:46:00+00:00,201.07000732421875
2025-08-21 13:47:00+00:00,201.30999755859375
2025-08-21 13:48:00+00:00,201.5500030517578
2025-08-21 13:49:00+00:00,201.69000244140625
2025-08-21 13:50:00+00:00,201.5399932861328
2025-08-21 13:51:00+00:00,201.2949981689453
2025-08-21 13:52:00+00:00,201.36000061035156
2025-08-21 13:53:00+00:00,201.44000244140625
2025-08-21 13:54:00+00:00,201.75
2025-08-21 13:55:00+00:00,201.52000427246094
2025-08-21 13:56:00+00:00,201.37510681152344
2025-08-21 13:57:00+00:00,201.57000732421875
2025-08-21 13:58:00+00:00,201.50010681152344
2025-08-21 13:59:00+00:00,201.38999938964844
2025-08-21 14:00:00+00:00,201.7100067138672
2025-08-21 14:01:00+00:00,201.89999389648438
2025-08-21 14:02:00+00:00,202.1699981689453
2025-08-21 14:03:00+00:00,202.10499572753906
2025-08-21 14:04:00+00:00,202.10000610351562
2025-08-21 14:05:00+00:00,202.08999633789062
2025-08-21 14:06:00+00:00,202.31930541992188
2025-08-21 14:07:00+00:00,202.27740478515625
2025-08-21 14:08:00+00:00,202.4199981689453
2025-08-21 14:09:00+00:00,202.39999389648438
2025-08-21 14:10:00+00:00,202.36000061035156
2025-08-21 14:11:00+00:00,202.52000427246094
2025-08-21 14:12:00+00:00,202.5449981689453
2025-08-21 14:13:00+00:00,202.47000122070312
2025-08-21 14:14:00+00:00,202.1699981689453
2025-08-21 14:15:00+00:00,202.0
2025-08-21 14:16:00+00:00,202.2270050048828
2025-08-21 14:17:00+00:00,202.36000061035156
2025-08-21 14:18:00+00:00,202.38009643554688
2025-08-21 14:19:00+00:00,202.30499267578125
2025-08-21 14:20:00+00:00,202.25999450683594
2025-08-21 14:21:00+00:00,202.33999633789062
2025-08-21 14:22:00+00:00,202.4149932861328
2025-08-21 14:23:00+00:00,202.61000061035156
2025-08-21 14:24:00+00:00,202.5800018310547
2025-08-21 14:25:00+00:00,202.49000549316406
2025-08-21 14:26:00+00:00,202.64999389648438
2025-08-21 14:27:00+00:00,202.6790008544922
2025-08-21 14:28:00+00:00,202.67999267578125
2025-08-21 14:29:00+00:00,202.75399780273438
2025-08-21 14:30:00+00:00,202.56500244140625
2025-08-21 14:31:00+00:00,202.3699951171875
2025-08-21 14:32:00+00:00,202.44000244140625
2025-08-21 14:33:00+00:00,202.3800048828125
2025-08-21 14:34:00+00:00,202.47000122070312
2025-08-21 14:35:00+00:00,202.44000244140625
2025-08-21 14:36:00+00:00,202.55999755859375
2025-08-21 14:37:00+00:00,202.36000061035156
2025-08-21 14:38:00+00:00,202.25999450683594
2025-08-21 14:39:00+00:00,202.17050170898438
2025-08-21 14:40:00+00:00,202.13999938964844
2025-08-21 14:41:00+00:00,202.1199951171875
2025-08-21 14:42:00+00:00,202.15159606933594
2025-08-21 14:43:00+00:00,202.11000061035156
2025-08-21 14:44:00+00:00,202.2100067138672
2025-08-21 14:45:00+00:00,202.02859497070312
2025-08-21 14:46:00+00:00,202.36000061035156
2025-08-21 14:47:00+00:00,202.3300018310547
2025-08-21 14:48:00+00:00,202.33990478515625
2025-08-21 14:49:00+00:00,202.25
2025-08-21 14:50:00+00:00,202.25
2025-08-21 14:51:00+00:00,202.22999572753906
2025-08-21 14:52:00+00:00,202.22000122070312
2025-08-21 14:53:00+00:00,202.13499450683594
2025-08-21 14:54:00+00:00,202.1999969482422
2025-08-21 14:55:00+00:00,202.10000610351562
2025-08-21 14:56:00+00:00,201.9949951171875
2025-08-21 14:57:00+00:00,202.25999450683594
2025-08-21 14:58:00+00:00,202.2550048828125
2025-08-21 14:59:00+00:00,202.17999267578125
2025-08-21 15:00:00+00:00,202.3000030517578
2025-08-21 15:01:00+00:00,202.25
2025-08-21 15:02:00+00:00,202.25
2025-08-21 15:03:00+00:00,202.02999877929688
2025-08-21 15:04:00+00:00,202.02969360351562
2025-08-21 15:05:00+00:00,201.77999877929688
2025-08-21 15:06:00+00:00,201.77999877929688
2025-08-21 15:07:00+00:00,201.7550048828125
2025-08-21 15:08:00+00:00,201.76499938964844
2025-08-21 15:09:00+00:00,201.76539611816406
2025-08-21 15:10:00+00:00,201.72500610351562
2025-08-21 15:11:00+00:00,201.59500122070312
2025-08-21 15:12:00+00:00,201.3000030517578
2025-08-21 15:13:00+00:00,201.13999938964844
2025-08-21 15:14:00+00:00,201.02000427246094
2025-08-21 15:15:00+00:00,201.0800018310547
2025-08-21 15:16:00+00:00,201.07000732421875
2025-08-21 15:17:00+00:00,201.35000610351562
2025-08-21 15:18:00+00:00,201.08999633789062
2025-08-21 15:19:00+00:00,201.24000549316406
2025-08-21 15:20:00+00:00,201.18499755859375
2025-08-21 15:21:00+00:00,201.15499877929688
2025-08-21 15:22:00+00:00,201.01100158691406
2025-08-21 15:23:00+00:00,201.42999267578125
2025-08-21 15:24:00+00:00,201.36000061035156
2025-08-21 15:25:00+00:00,201.27000427246094
2025-08-21 15:26:00+00:00,201.14500427246094
2025-08-21 15:27:00+00:00,201.1051025390625
2025-08-21 15:28:00+00:00,201.11000061035156
2025-08-21 15:29:00+00:00,201.00050354003906
2025-08-21 15:30:00+00:00,201.02999877929688
2025-08-21 15:31:00+00:00,201.0399932861328
2025-08-21 15:32:00+00:00,201.0399932861328
2025-08-21 15:33:00+00:00,201.15699768066406
2025-08-21 15:34:00+00:00,201.12750244140625
2025-08-21 15:35:00+00:00,201.1300048828125
2025-08-21 15:36:00+00:00,201.08999633789062
2025-08-21 15:37:00+00:00,201.19000244140625
2025-08-21 15:38:00+00:00,201.15499877929688
2025-08-21 15:39:00+00:00,201.1699981689453
2025-08-21 15:40:00+00:00,201.1300048828125
2025-08-21 15:41:00+00:00,201.19000244140625
2025-08-21 15:42:00+00:00,201.19000244140625
2025-08-21 15:43:00+00:00,201.0749969482422
2025-08-21 15:44:00+00:00,201.0
2025-08-21 15:45:00+00:00,200.88999938964844
2025-08-21 15:46:00+00:00,200.88999938964844
2025-08-21 15:47:00+00:00,200.8300018310547
2025-08-21 15:48:00+00:00,200.85000610351562
2025-08-21 15:49:00+00:00,200.74000549316406
2025-08-21 15:50:00+00:00,200.6199951171875
2025-08-21 15:51:00+00:00,200.6988067626953
2025-08-21 15:52:00+00:00,200.60000610351562
2025-08-21 15:53:00+00:00,200.52000427246094
2025-08-21 15:54:00+00:00,200.52000427246094
2025-08-21 15:55:00+00:00,200.5
2025-08-21 15:56:00+00:00,200.53700256347656
2025-08-21 15:57:00+00:00,200.5399932861328
2025-08-21 15:58:00+00:00,200.52760314941406
2025-08-21 15:59:00+00:00,200.64999389648438
2025-08-21 16:00:00+00:00,200.5500030517578
2025-08-21 16:01:00+00:00,200.51510620117188
2025-08-21 16:02:00+00:00,200.7100067138672
2025-08-21 16:03:00+00:00,200.8000030517578
2025-08-21 16:04:00+00:00,200.6999969482422
2025-08-21 16:05:00+00:00,200.67999267578125
2025-08-21 16:06:00+00:00,200.63360595703125
2025-08-21 16:07:00+00:00,200.76100158691406
2025-08-21 16:08:00+00:00,200.63999938964844
2025-08-21 16:09:00+00:00,200.64999389648438
2025-08-21 16:10:00+00:00,200.64500427246094
2025-08-21 16:11:00+00:00,200.63499450683594
2025-08-21 16:12:00+00:00,200.77000427246094
2025-08-21 16:13:00+00:00,200.86000061035156
2025-08-21 16:14:00+00:00,200.75999450683594
2025-08-21 16:15:00+00:00,200.77000427246094
2025-08-21 16:16:00+00:00,200.78759765625
2025-08-21 16:17:00+00:00,200.75999450683594
2025-08-21 16:18:00+00:00,200.75999450683594
2025-08-21 16:19:00+00:00,200.80499267578125
2025-08-21 16:20:00+00:00,200.72999572753906
2025-08-21 16:21:00+00:00,200.8000030517578
2025-08-21 16:22:00+00:00,200.8000030517578
2025-08-21 16:23:00+00:00,200.93499755859375
2025-08-21 16:24:00+00:00,200.91000366210938
2025-08-21 16:25:00+00:00,200.87399291992188
2025-08-21 16:26:00+00:00,200.63980102539062
2025-08-21 16:27:00+00:00,200.625
2025-08-21 16:28:00+00:00,200.64999389648438
2025-08-21 16:29:00+00:00,200.6300048828125
2025-08-21 16:30:00+00:00,200.73500061035156
2025-08-21 16:31:00+00:00,200.69000244140625
2025-08-21 16:32:00+00:00,200.69500732421875
2025-08-21 16:33:00+00:00,200.6300048828125
2025-08-21 16:34:00+00:00,200.66000366210938
2025-08-21 16:35:00+00:00,200.63499450683594
2025-08-21 16:36:00+00:00,200.6999969482422
2025-08-21 16:37:00+00:00,200.6367950439453
2025-08-21 16:38:00+00:00,200.80990600585938
2025-08-21 16:39:00+00:00,200.8249969482422
2025-08-21 16:40:00+00:00,200.75
2025-08-21 16:41:00+00:00,200.8498992919922
2025-08-21 16:42:00+00:00,200.82000732421875
2025-08-21 16:43:00+00:00,200.67999267578125
2025-08-21 16:44:00+00:00,200.5991973876953
2025-08-21 16:45:00+00:00,200.69000244140625
2025-08-21 16:46:00+00:00,200.64500427246094
2025-08-21 16:47:00+00:00,200.625
2025-08-21 16:48:00+00:00,200.58999633789062
2025-08-21 16:49:00+00:00,200.65499877929688
2025-08-21 16:50:00+00:00,200.6999969482422
2025-08-21 16:51:00+00:00,200.79519653320312
2025-08-21 16:52:00+00:00,200.9199981689453
2025-08-21 16:53:00+00:00,200.8699951171875
2025-08-21 16:54:00+00:00,200.8300018310547
2025-08-21 16:55:00+00:00,200.86000061035156
2025-08-21 16:56:00+00:00,200.75
2025-08-21 16:57:00+00:00,200.67999267578125
2025-08-21 16:58:00+00:00,200.50999450683594
2025-08-21 16:59:00+00:00,200.5399932861328
2025-08-21 17:00:00+00:00,200.5644989013672
2025-08-21 17:01:00+00:00,200.49000549316406
2025-08-21 17:02:00+00:00,200.55029296875
2025-08-21 17:03:00+00:00,200.61500549316406
2025-08-21 17:04:00+00:00,200.72239685058594
2025-08-21 17:05:00+00:00,200.8000030517578
2025-08-21 17:06:00+00:00,200.7949981689453
2025-08-21 17:07:00+00:00,200.8101043701172
2025-08-21 17:08:00+00:00,200.74000549316406
2025-08-21 17:09:00+00:00,200.77999877929688
2025-08-21 17:10:00+00:00,200.67999267578125
2025-08-21 17:11:00+00:00,200.7100067138672
2025-08-21 17:12:00+00:00,200.8000030517578
2025-08-21 17:13:00+00:00,200.80999755859375
2025-08-21 17:14:00+00:00,200.72999572753906
2025-08-21 17:15:00+00:00,200.6199951171875
2025-08-21 17:16:00+00:00,200.5500030517578
2025-08-21 17:17:00+00:00,200.64999389648438
2025-08-21 17:18:00+00:00,200.625
2025-08-21 17:19:00+00:00,200.5800018310547
2025-08-21 17:20:00+00:00,200.6298065185547
2025-08-21 17:21:00+00:00,200.5500030517578
2025-08-21 17:22:00+00:00,200.5500030517578
2025-08-21 17:23:00+00:00,200.5500030517578
2025-08-21 17:24:00+00:00,200.5408935546875
2025-08-21 17:25:00+00:00,200.5
2025-08-21 17:26:00+00:00,200.50729370117188
2025-08-21 17:27:00+00:00,200.55999755859375
2025-08-21 17:28:00+00:00,200.5800018310547
2025-08-21 17:29:00+00:00,200.5928955078125
2025-08-21 17:30:00+00:00,200.61000061035156
2025-08-21 17:31:00+00:00,200.6905975341797
2025-08-21 17:32:00+00:00,200.60000610351562
2025-08-21 17:33:00+00:00,200.67999267578125
2025-08-21 17:34:00+00:00,200.75999450683594
2025-08-21 17:35:00+00:00,200.82000732421875
2025-08-21 17:36:00+00:00,200.8592071533203
2025-08-21 17:37:00+00:00,200.8699951171875
2025-08-21 17:38:00+00:00,200.91000366210938
2025-08-21 17:39:00+00:00,200.94500732421875
2025-08-21 17:40:00+00:00,201.02000427246094
2025-08-21 17:41:00+00:00,201.039306640625
2025-08-21 17:42:00+00:00,200.97999572753906
2025-08-21 17:43:00+00:00,201.0399932861328
2025-08-21 17:44:00+00:00,200.9987030029297
2025-08-21 17:45:00+00:00,201.07000732421875
2025-08-21 17:46:00+00:00,201.0800018310547
2025-08-21 17:47:00+00:00,201.16000366210938
2025-08-21 17:48:00+00:00,201.1414031982422
2025-08-21 17:49:00+00:00,201.07000732421875
2025-08-21 17:50:00+00:00,201.05999755859375
2025-08-21 17:51:00+00:00,200.9499969482422
2025-08-21 17:52:00+00:00,201.02999877929688
2025-08-21 17:53:00+00:00,201.10000610351562
2025-08-21 17:54:00+00:00,201.07009887695312
2025-08-21 17:55:00+00:00,201.11000061035156
2025-08-21 17:56:00+00:00,201.11000061035156
2025-08-21 17:57:00+00:00,201.0500030517578
2025-08-21 17:58:00+00:00,201.07000732421875
2025-08-21 17:59:00+00:00,201.10499572753906
2025-08-21 18:00:00+00:00,201.110107421875
2025-08-21 18:01:00+00:00,201.1199951171875
2025-08-21 18:02:00+00:00,201.0800018310547
2025-08-21 18:03:00+00:00,200.99229431152344
2025-08-21 18:04:00+00:00,200.97000122070312
2025-08-21 18:05:00+00:00,200.97000122070312
2025-08-21 18:06:00+00:00,200.9250030517578
2025-08-21 18:07:00+00:00,200.8699951171875
2025-08-21 18:08:00+00:00,200.860107421875
2025-08-21 18:09:00+00:00,200.80999755859375
2025-08-21 18:10:00+00:00,200.75999450683594
2025-08-21 18:11:00+00:00,200.7550048828125
2025-08-21 18:12:00+00:00,200.77000427246094
2025-08-21 18:13:00+00:00,200.85499572753906
2025-08-21 18:14:00+00:00,200.82000732421875
2025-08-21 18:15:00+00:00,200.74000549316406
2025-08-21 18:16:00+00:00,200.72000122070312
2025-08-21 18:17:00+00:00,200.71499633789062
2025-08-21 18:18:00+00:00,200.74099731445312
2025-08-21 18:19:00+00:00,200.74000549316406
2025-08-21 18:20:00+00:00,200.7100067138672
2025-08-21 18:21:00+00:00,200.6999969482422
2025-08-21 18:22:00+00:00,200.69000244140625
2025-08-21 18:23:00+00:00,200.6553955078125
2025-08-21 18:24:00+00:00,200.72000122070312
2025-08-21 18:25:00+00:00,200.6649932861328
2025-08-21 18:26:00+00:00,200.66000366210938
2025-08-21 18:27:00+00:00,200.6999969482422
2025-08-21 18:28:00+00:00,200.64999389648438
2025-08-21 18:29:00+00:00,200.60360717773438
2025-08-21 18:30:00+00:00,200.57000732421875
2025-08-21 18:31:00+00:00,200.60499572753906
2025-08-21 18:32:00+00:00,200.63999938964844
2025-08-21 18:33:00+00:00,200.66000366210938
2025-08-21 18:34:00+00:00,200.64999389648438
2025-08-21 18:35:00+00:00,200.77000427246094
2025-08-21 18:36:00+00:00,200.72999572753906
2025-08-21 18:37:00+00:00,200.75
2025-08-21 18:38:00+00:00,200.72500610351562
2025-08-21 18:39:00+00:00,200.7899932861328
2025-08-21 18:40:00+00:00,200.77499389648438
2025-08-21 18:41:00+00:00,200.72000122070312
2025-08-21 18:42:00+00:00,200.6649932861328
2025-08-21 18:43:00+00:00,200.64999389648438
2025-08-21 18:44:00+00:00,200.61019897460938
2025-08-21 18:45:00+00:00,200.5800018310547
2025-08-21 18:46:00+00:00,200.5500030517578
2025-08-21 18:47:00+00:00,200.5850067138672
2025-08-21 18:48:00+00:00,200.61500549316406
2025-08-21 18:49:00+00:00,200.64999389648438
2025-08-21 18:50:00+00:00,200.7552032470703
2025-08-21 18:51:00+00:00,200.6999969482422
2025-08-21 18:52:00+00:00,200.8000030517578
2025-08-21 18:53:00+00:00,200.82269287109375
2025-08-21 18:54:00+00:00,200.7899932861328
2025-08-21 18:55:00+00:00,200.78289794921875
2025-08-21 18:56:00+00:00,200.88499450683594
2025-08-21 18:57:00+00:00,200.8800048828125
2025-08-21 18:58:00+00:00,200.91000366210938
2025-08-21 18:59:00+00:00,200.8300018310547
2025-08-21 19:00:00+00:00,200.88999938964844
2025-08-21 19:01:00+00:00,200.92999267578125
2025-08-21 19:02:00+00:00,200.94000244140625
2025-08-21 19:03:00+00:00,200.9199981689453
2025-08-21 19:04:00+00:00,200.89999389648438
2025-08-21 19:05:00+00:00,200.94000244140625
2025-08-21 19:06:00+00:00,200.98500061035156
2025-08-21 19:07:00+00:00,200.9600067138672
2025-08-21 19:08:00+00:00,201.002197265625
2025-08-21 19:09:00+00:00,200.94000244140625
2025-08-21 19:10:00+00:00,201.00999450683594
2025-08-21 19:11:00+00:00,201.0
2025-08-21 19:12:00+00:00,200.97000122070312
2025-08-21 19:13:00+00:00,200.96499633789062
2025-08-21 19:14:00+00:00,200.98500061035156
2025-08-21 19:15:00+00:00,200.9199981689453
2025-08-21 19:16:00+00:00,200.88999938964844
2025-08-21 19:17:00+00:00,200.92999267578125
2025-08-21 19:18:00+00:00,200.97000122070312
2025-08-21 19:19:00+00:00,200.97000122070312
2025-08-21 19:20:00+00:00,201.00999450683594
2025-08-21 19:21:00+00:00,200.9884033203125
2025-08-21 19:22:00+00:00,200.97000122070312
2025-08-21 19:23:00+00:00,201.0449981689453
2025-08-21 19:24:00+00:00,201.07000732421875
2025-08-21 19:25:00+00:00,201.11000061035156
2025-08-21 19:26:00+00:00,201.07000732421875
2025-08-21 19:27:00+00:00,201.029296875
2025-08-21 19:28:00+00:00,200.9499969482422
2025-08-21 19:29:00+00:00,200.91000366210938
2025-08-21 19:30:00+00:00,200.92999267578125
2025-08-21 19:31:00+00:00,200.9293975830078
2025-08-21 19:32:00+00:00,200.89999389648438
2025-08-21 19:33:00+00:00,200.84860229492188
2025-08-21 19:34:00+00:00,200.8249969482422
2025-08-21 19:35:00+00:00,200.82000732421875
2025-08-21 19:36:00+00:00,200.8699951171875
2025-08-21 19:37:00+00:00,200.80999755859375
2025-08-21 19:38:00+00:00,200.8300018310547
2025-08-21 19:39:00+00:00,200.8699951171875
2025-08-21 19:40:00+00:00,200.88999938964844
2025-08-21 19:41:00+00:00,200.79989624023438
2025-08-21 19:42:00+00:00,200.76499938964844
2025-08-21 19:43:00+00:00,200.82000732421875
2025-08-21 19:44:00+00:00,200.86000061035156
2025-08-21 19:45:00+00:00,200.8800048828125
2025-08-21 19:46:00+00:00,200.8699951171875
2025-08-21 19:47:00+00:00,200.80990600585938
2025-08-21 19:48:00+00:00,200.8800048828125
2025-08-21 19:49:00+00:00,200.89999389648438
2025-08-21 19:50:00+00:00,200.84500122070312
2025-08-21 19:51:00+00:00,200.8300018310547
2025-08-21 19:52:00+00:00,200.8300018310547
2025-08-21 19:53:00+00:00,200.76499938964844
2025-08-21 19:54:00+00:00,200.72000122070312
2025-08-21 19:55:00+00:00,200.57000732421875
2025-08-21 19:56:00+00:00,200.5800018310547
2025-08-21 19:57:00+00:00,200.5399932861328
2025-08-21 19:58:00+00:00,200.50999450683594
2025-08-21 19:59:00+00:00,200.6199951171875
2025-08-22 13:30:00+00:00,203.8800048828125
2025-08-22 13:31:00+00:00,204.02499389648438
2025-08-22 13:32:00+00:00,204.05999755859375
2025-08-22 13:33:00+00:00,202.94000244140625
2025-08-22 13:34:00+00:00,203.25
2025-08-22 13:35:00+00:00,203.19500732421875
2025-08-22 13:36:00+00:00,203.17999267578125
2025-08-22 13:37:00+00:00,203.44000244140625
2025-08-22 13:38:00+00:00,203.5
2025-08-22 13:39:00+00:00,203.4600067138672
2025-08-22 13:40:00+00:00,203.8000030517578
2025-08-22 13:41:00+00:00,203.82000732421875
2025-08-22 13:42:00+00:00,203.8000030517578
2025-08-22 13:43:00+00:00,203.72000122070312
2025-08-22 13:44:00+00:00,203.80999755859375
2025-08-22 13:45:00+00:00,203.80999755859375
2025-08-22 13:46:00+00:00,203.22000122070312
2025-08-22 13:47:00+00:00,203.5
2025-08-22 13:48:00+00:00,203.20970153808594
2025-08-22 13:49:00+00:00,203.45559692382812
2025-08-22 13:50:00+00:00,203.27999877929688
2025-08-22 13:51:00+00:00,202.77000427246094
2025-08-22 13:52:00+00:00,202.80499267578125
2025-08-22 13:53:00+00:00,202.875
2025-08-22 13:54:00+00:00,202.58999633789062
2025-08-22 13:55:00+00:00,202.49620056152344
2025-08-22 13:56:00+00:00,202.32009887695312
2025-08-22 13:57:00+00:00,202.35000610351562
2025-08-22 13:58:00+00:00,202.18499755859375
2025-08-22 13:59:00+00:00,202.32000732421875
2025-08-22 14:00:00+00:00,203.681396484375
2025-08-22 14:01:00+00:00,203.86000061035156
2025-08-22 14:02:00+00:00,203.97999572753906
2025-08-22 14:03:00+00:00,204.1999969482422
2025-08-22 14:04:00+00:00,203.60000610351562
2025-08-22 14:05:00+00:00,203.8800048828125
2025-08-22 14:06:00+00:00,203.7100067138672
2025-08-22 14:07:00+00:00,203.77999877929688
2025-08-22 14:08:00+00:00,204.35000610351562
2025-08-22 14:09:00+00:00,204.32000732421875
2025-08-22 14:10:00+00:00,204.42979431152344
2025-08-22 14:11:00+00:00,204.22909545898438
2025-08-22 14:12:00+00:00,204.31500244140625
2025-08-22 14:13:00+00:00,204.27000427246094
2025-08-22 14:14:00+00:00,204.61000061035156
2025-08-22 14:15:00+00:00,204.8000030517578
2025-08-22 14:16:00+00:00,204.77000427246094
2025-08-22 14:17:00+00:00,204.7187957763672
2025-08-22 14:18:00+00:00,204.72000122070312
2025-08-22 14:19:00+00:00,204.75
2025-08-22 14:20:00+00:00,204.83999633789062
2025-08-22 14:21:00+00:00,204.47500610351562
2025-08-22 14:22:00+00:00,204.0800018310547
2025-08-22 14:23:00+00:00,204.11500549316406
2025-08-22 14:24:00+00:00,204.27999877929688
2025-08-22 14:25:00+00:00,204.64500427246094
2025-08-22 14:26:00+00:00,204.69500732421875
2025-08-22 14:27:00+00:00,204.2449951171875
2025-08-22 14:28:00+00:00,204.24000549316406
2025-08-22 14:29:00+00:00,204.43299865722656
2025-08-22 14:30:00+00:00,204.62399291992188
2025-08-22 14:31:00+00:00,204.52999877929688
2025-08-22 14:32:00+00:00,204.8000030517578
2025-08-22 14:33:00+00:00,204.66099548339844
2025-08-22 14:34:00+00:00,204.77000427246094
2025-08-22 14:35:00+00:00,204.8249969482422
2025-08-22 14:36:00+00:00,204.7050018310547
2025-08-22 14:37:00+00:00,204.69500732421875
2025-08-22 14:38:00+00:00,204.5301971435547
2025-08-22 14:39:00+00:00,204.63999938964844
2025-08-22 14:40:00+00:00,204.85000610351562
2025-08-22 14:41:00+00:00,204.57000732421875
2025-08-22 14:42:00+00:00,204.593505859375
2025-08-22 14:43:00+00:00,204.7949981689453
2025-08-22 14:44:00+00:00,204.89999389648438
2025-08-22 14:45:00+00:00,204.9600067138672
2025-08-22 14:46:00+00:00,204.875
2025-08-22 14:47:00+00:00,205.0
2025-08-22 14:48:00+00:00,204.80880737304688
2025-08-22 14:49:00+00:00,204.63999938964844
2025-08-22 14:50:00+00:00,204.74000549316406
2025-08-22 14:51:00+00:00,204.64999389648438
2025-08-22 14:52:00+00:00,204.5449981689453
2025-08-22 14:53:00+00:00,204.48500061035156
2025-08-22 14:54:00+00:00,204.61500549316406
2025-08-22 14:55:00+00:00,204.82000732421875
2025-08-22 14:56:00+00:00,204.7100067138672
2025-08-22 14:57:00+00:00,204.5500030517578
2025-08-22 14:58:00+00:00,204.63999938964844
2025-08-22 14:59:00+00:00,204.63999938964844
2025-08-22 15:00:00+00:00,204.8560028076172
2025-08-22 15:01:00+00:00,205.0050048828125
2025-08-22 15:02:00+00:00,205.0800018310547
2025-08-22 15:03:00+00:00,205.16000366210938
2025-08-22 15:04:00+00:00,205.32000732421875
2025-08-22 15:05:00+00:00,205.41000366210938
2025-08-22 15:06:00+00:00,205.35000610351562
2025-08-22 15:07:00+00:00,205.38209533691406
2025-08-22 15:08:00+00:00,205.30999755859375
2025-08-22 15:09:00+00:00,205.33999633789062
2025-08-22 15:10:00+00:00,205.47000122070312
2025-08-22 15:11:00+00:00,205.36000061035156
2025-08-22 15:12:00+00:00,205.37399291992188
2025-08-22 15:13:00+00:00,205.42999267578125
2025-08-22 15:14:00+00:00,205.3800048828125
2025-08-22 15:15:00+00:00,205.4199981689453
2025-08-22 15:16:00+00:00,205.375
2025-08-22 15:17:00+00:00,205.25999450683594
2025-08-22 15:18:00+00:00,205.23500061035156
2025-08-22 15:19:00+00:00,205.29139709472656
2025-08-22 15:20:00+00:00,205.36000061035156
2025-08-22 15:21:00+00:00,205.375
2025-08-22 15:22:00+00:00,205.55499267578125
2025-08-22 15:23:00+00:00,205.4600067138672
2025-08-22 15:24:00+00:00,205.3699951171875
2025-08-22 15:25:00+00:00,205.2449951171875
2025-08-22 15:26:00+00:00,205.12010192871094
2025-08-22 15:27:00+00:00,205.00999450683594
2025-08-22 15:28:00+00:00,205.0399932861328
2025-08-22 15:29:00+00:00,205.05999755859375
2025-08-22 15:30:00+00:00,205.10000610351562
2025-08-22 15:31:00+00:00,205.23939514160156
2025-08-22 15:32:00+00:00,205.3000030517578
2025-08-22 15:33:00+00:00,205.3300018310547
2025-08-22 15:34:00+00:00,205.36500549316406
2025-08-22 15:35:00+00:00,205.4600067138672
2025-08-22 15:36:00+00:00,205.50999450683594
2025-08-22 15:37:00+00:00,205.57000732421875
2025-08-22 15:38:00+00:00,205.49009704589844
2025-08-22 15:39:00+00:00,205.63499450683594
2025-08-22 15:40:00+00:00,205.68609619140625
2025-08-22 15:41:00+00:00,205.50999450683594
2025-08-22 15:42:00+00:00,205.6071014404297
2025-08-22 15:43:00+00:00,205.74000549316406
2025-08-22 15:44:00+00:00,205.78500366210938
2025-08-22 15:45:00+00:00,205.94000244140625
2025-08-22 15:46:00+00:00,205.7949981689453
2025-08-22 15:47:00+00:00,205.94000244140625
2025-08-22 15:48:00+00:00,205.7100067138672
2025-08-22 15:49:00+00:00,205.65499877929688
2025-08-22 15:50:00+00:00,205.6300048828125
2025-08-22 15:51:00+00:00,205.7899932861328
2025-08-22 15:52:00+00:00,205.82000732421875
2025-08-22 15:53:00+00:00,205.6199951171875
2025-08-22 15:54:00+00:00,205.5800018310547
2025-08-22 15:55:00+00:00,205.72999572753906
2025-08-22 15:56:00+00:00,205.6300048828125
2025-08-22 15:57:00+00:00,205.6699981689453
2025-08-22 15:58:00+00:00,205.4949951171875
2025-08-22 15:59:00+00:00,205.47999572753906
2025-08-22 16:00:00+00:00,205.41000366210938
2025-08-22 16:01:00+00:00,205.30999755859375
2025-08-22 16:03:00+00:00,205.3300018310547
2025-08-22 16:04:00+00:00,205.31500244140625
2025-08-22 16:05:00+00:00,205.30999755859375
2025-08-22 16:06:00+00:00,205.22000122070312
2025-08-22 16:07:00+00:00,205.1999969482422
2025-08-22 16:08:00+00:00,205.03509521484375
2025-08-22 16:09:00+00:00,204.99000549316406
2025-08-22 16:10:00+00:00,205.0
2025-08-22 16:11:00+00:00,204.845703125
2025-08-22 16:12:00+00:00,204.82000732421875
2025-08-22 16:13:00+00:00,204.7198944091797
2025-08-22 16:14:00+00:00,204.74000549316406
2025-08-22 16:15:00+00:00,204.69000244140625
2025-08-22 16:16:00+00:00,204.5
2025-08-22 16:17:00+00:00,204.5612030029297
2025-08-22 16:18:00+00:00,204.6699981689453
2025-08-22 16:19:00+00:00,204.88499450683594
2025-08-22 16:20:00+00:00,205.0
2025-08-22 16:21:00+00:00,205.15499877929688
2025-08-22 16:22:00+00:00,205.3000946044922
2025-08-22 16:23:00+00:00,205.3699951171875
2025-08-22 16:24:00+00:00,205.14999389648438
2025-08-22 16:25:00+00:00,205.10000610351562
2025-08-22 16:26:00+00:00,205.02999877929688
2025-08-22 16:27:00+00:00,205.10000610351562
2025-08-22 16:28:00+00:00,204.9604034423828
2025-08-22 16:29:00+00:00,205.0449981689453
2025-08-22 16:30:00+00:00,205.07000732421875
2025-08-22 16:31:00+00:00,205.1699981689453
2025-08-22 16:32:00+00:00,205.16000366210938
2025-08-22 16:33:00+00:00,205.1898956298828
2025-08-22 16:34:00+00:00,205.17999267578125
2025-08-22 16:35:00+00:00,205.11000061035156
2025-08-22 16:36:00+00:00,205.11000061035156
2025-08-22 16:37:00+00:00,205.11500549316406
2025-08-22 16:38:00+00:00,205.10000610351562
2025-08-22 16:39:00+00:00,205.0399932861328
2025-08-22 16:40:00+00:00,205.0800018310547
2025-08-22 16:41:00+00:00,204.94000244140625
2025-08-22 16:42:00+00:00,204.8800048828125
2025-08-22 16:43:00+00:00,204.88999938964844
2025-08-22 16:44:00+00:00,204.97000122070312
2025-08-22 16:45:00+00:00,204.96800231933594
2025-08-22 16:46:00+00:00,205.1199951171875
2025-08-22 16:47:00+00:00,204.97999572753906
2025-08-22 16:48:00+00:00,205.0
2025-08-22 16:49:00+00:00,204.97500610351562
2025-08-22 16:50:00+00:00,204.97500610351562
2025-08-22 16:51:00+00:00,204.97999572753906
2025-08-22 16:52:00+00:00,204.8800048828125
2025-08-22 16:53:00+00:00,204.7949981689453
2025-08-22 16:54:00+00:00,204.77000427246094
2025-08-22 16:55:00+00:00,204.64999389648438
2025-08-22 16:56:00+00:00,204.5
2025-08-22 16:57:00+00:00,204.49000549316406
2025-08-22 16:58:00+00:00,204.49630737304688
2025-08-22 16:59:00+00:00,204.6649932861328
2025-08-22 17:00:00+00:00,204.8350067138672
2025-08-22 17:01:00+00:00,204.88999938964844
2025-08-22 17:02:00+00:00,204.94500732421875
2025-08-22 17:03:00+00:00,204.97500610351562
2025-08-22 17:04:00+00:00,205.1300048828125
2025-08-22 17:05:00+00:00,205.22000122070312
2025-08-22 17:06:00+00:00,205.31500244140625
2025-08-22 17:07:00+00:00,205.3300018310547
2025-08-22 17:08:00+00:00,205.27499389648438
2025-08-22 17:09:00+00:00,205.375
2025-08-22 17:10:00+00:00,205.24000549316406
2025-08-22 17:11:00+00:00,206.0500030517578
2025-08-22 17:12:00+00:00,205.97000122070312
2025-08-22 17:13:00+00:00,206.08999633789062
2025-08-22 17:14:00+00:00,206.3800048828125
2025-08-22 17:15:00+00:00,206.1199951171875
2025-08-22 17:16:00+00:00,206.4499969482422
2025-08-22 17:17:00+00:00,206.36000061035156
2025-08-22 17:18:00+00:00,206.82000732421875
2025-08-22 17:19:00+00:00,207.2548065185547
2025-08-22 17:20:00+00:00,206.99000549316406
2025-08-22 17:21:00+00:00,207.2100067138672
2025-08-22 17:22:00+00:00,207.53500366210938
2025-08-22 17:23:00+00:00,207.56500244140625
2025-08-22 17:24:00+00:00,207.4593963623047
2025-08-22 17:25:00+00:00,207.44400024414062
2025-08-22 17:26:00+00:00,207.5399932861328
2025-08-22 17:27:00+00:00,207.83999633789062
2025-08-22 17:28:00+00:00,207.9199981689453
2025-08-22 17:29:00+00:00,207.97039794921875
2025-08-22 17:30:00+00:00,207.82229614257812
2025-08-22 17:31:00+00:00,207.9499969482422
2025-08-22 17:32:00+00:00,207.8090057373047
2025-08-22 17:33:00+00:00,207.75
2025-08-22 17:34:00+00:00,207.69500732421875
2025-08-22 17:35:00+00:00,207.77499389648438
2025-08-22 17:36:00+00:00,207.88999938964844
2025-08-22 17:37:00+00:00,208.02999877929688
2025-08-22 17:38:00+00:00,208.3188934326172
2025-08-22 17:39:00+00:00,208.14999389648438
2025-08-22 17:40:00+00:00,208.42999267578125
2025-08-22 17:41:00+00:00,208.6199951171875
2025-08-22 17:42:00+00:00,208.63999938964844
2025-08-22 17:43:00+00:00,208.47999572753906
2025-08-22 17:44:00+00:00,208.60000610351562
2025-08-22 17:45:00+00:00,208.46499633789062
2025-08-22 17:46:00+00:00,208.43499755859375
2025-08-22 17:47:00+00:00,208.3000030517578
2025-08-22 17:48:00+00:00,208.33999633789062
2025-08-22 17:49:00+00:00,208.3300018310547
2025-08-22 17:50:00+00:00,208.25
2025-08-22 17:51:00+00:00,208.00999450683594
2025-08-22 17:52:00+00:00,208.07000732421875
2025-08-22 17:53:00+00:00,208.25250244140625
2025-08-22 17:54:00+00:00,208.3000030517578
2025-08-22 17:55:00+00:00,208.30999755859375
2025-08-22 17:56:00+00:00,208.1699981689453
2025-08-22 17:57:00+00:00,208.04660034179688
2025-08-22 17:58:00+00:00,208.27999877929688
2025-08-22 17:59:00+00:00,208.3300018310547
2025-08-22 18:00:00+00:00,208.50259399414062
2025-08-22 18:01:00+00:00,208.4550018310547
2025-08-22 18:02:00+00:00,208.49000549316406
2025-08-22 18:03:00+00:00,208.60000610351562
2025-08-22 18:04:00+00:00,208.75
2025-08-22 18:05:00+00:00,208.72500610351562
2025-08-22 18:06:00+00:00,208.39500427246094
2025-08-22 18:07:00+00:00,208.52000427246094
2025-08-22 18:08:00+00:00,208.83299255371094
2025-08-22 18:09:00+00:00,209.00999450683594
2025-08-22 18:10:00+00:00,208.9149932861328
2025-08-22 18:11:00+00:00,208.92529296875
2025-08-22 18:12:00+00:00,209.10009765625
2025-08-22 18:13:00+00:00,209.11000061035156
2025-08-22 18:14:00+00:00,209.1396942138672
2025-08-22 18:15:00+00:00,208.9550018310547
2025-08-22 18:16:00+00:00,208.74000549316406
2025-08-22 18:17:00+00:00,208.77000427246094
2025-08-22 18:18:00+00:00,208.7449951171875
2025-08-22 18:19:00+00:00,208.73500061035156
2025-08-22 18:20:00+00:00,208.80499267578125
2025-08-22 18:21:00+00:00,208.69000244140625
2025-08-22 18:22:00+00:00,208.60000610351562
2025-08-22 18:23:00+00:00,208.572998046875
2025-08-22 18:24:00+00:00,208.64059448242188
2025-08-22 18:25:00+00:00,208.3867950439453
2025-08-22 18:26:00+00:00,208.44859313964844
2025-08-22 18:27:00+00:00,208.4499969482422
2025-08-22 18:28:00+00:00,208.5
2025-08-22 18:29:00+00:00,208.4149932861328
2025-08-22 18:30:00+00:00,208.54400634765625
2025-08-22 18:31:00+00:00,208.50999450683594
2025-08-22 18:32:00+00:00,208.4250030517578
2025-08-22 18:33:00+00:00,208.3800048828125
2025-08-22 18:34:00+00:00,208.27000427246094
2025-08-22 18:35:00+00:00,208.25999450683594
2025-08-22 18:36:00+00:00,208.2100067138672
2025-08-22 18:37:00+00:00,208.26499938964844
2025-08-22 18:38:00+00:00,208.2899932861328
2025-08-22 18:39:00+00:00,208.0800018310547
2025-08-22 18:40:00+00:00,207.9600067138672
2025-08-22 18:41:00+00:00,208.02999877929688
2025-08-22 18:42:00+00:00,207.9700927734375
2025-08-22 18:43:00+00:00,207.97909545898438
2025-08-22 18:44:00+00:00,207.9600067138672
2025-08-22 18:45:00+00:00,207.83999633789062
2025-08-22 18:46:00+00:00,207.83999633789062
2025-08-22 18:47:00+00:00,207.8800048828125
2025-08-22 18:48:00+00:00,208.0800018310547
2025-08-22 18:49:00+00:00,208.1300048828125
2025-08-22 18:50:00+00:00,207.9499969482422
2025-08-22 18:51:00+00:00,207.97000122070312
2025-08-22 18:52:00+00:00,207.99740600585938
2025-08-22 18:53:00+00:00,207.92999267578125
2025-08-22 18:54:00+00:00,207.80999755859375
2025-08-22 18:55:00+00:00,207.83999633789062
2025-08-22 18:56:00+00:00,207.7899932861328
2025-08-22 18:57:00+00:00,207.7100067138672
2025-08-22 18:58:00+00:00,207.63999938964844
2025-08-22 18:59:00+00:00,207.5988006591797
2025-08-22 19:00:00+00:00,207.60000610351562
2025-08-22 19:01:00+00:00,207.5500030517578
2025-08-22 19:02:00+00:00,207.46839904785156
2025-08-22 19:03:00+00:00,207.5970001220703
2025-08-22 19:04:00+00:00,207.72000122070312
2025-08-22 19:05:00+00:00,207.5399932861328
2025-08-22 19:06:00+00:00,207.57000732421875
2025-08-22 19:07:00+00:00,207.59500122070312
2025-08-22 19:08:00+00:00,207.5399932861328
2025-08-22 19:09:00+00:00,207.42999267578125
2025-08-22 19:10:00+00:00,207.27000427246094
2025-08-22 19:11:00+00:00,207.1999969482422
2025-08-22 19:12:00+00:00,207.2100067138672
2025-08-22 19:13:00+00:00,207.2200927734375
2025-08-22 19:14:00+00:00,207.22999572753906
2025-08-22 19:15:00+00:00,207.07000732421875
2025-08-22 19:16:00+00:00,206.9499969482422
2025-08-22 19:17:00+00:00,206.9971923828125
2025-08-22 19:18:00+00:00,206.94500732421875
2025-08-22 19:19:00+00:00,206.9499969482422
2025-08-22 19:20:00+00:00,206.9250030517578
2025-08-22 19:21:00+00:00,207.0399932861328
2025-08-22 19:22:00+00:00,206.97000122070312
2025-08-22 19:23:00+00:00,207.07000732421875
2025-08-22 19:24:00+00:00,207.10009765625
2025-08-22 19:25:00+00:00,207.14999389648438
2025-08-22 19:26:00+00:00,207.14500427246094
2025-08-22 19:27:00+00:00,207.0800018310547
2025-08-22 19:28:00+00:00,207.0850067138672
2025-08-22 19:29:00+00:00,206.94000244140625
2025-08-22 19:30:00+00:00,206.8000030517578
2025-08-22 19:31:00+00:00,206.75999450683594
2025-08-22 19:32:00+00:00,206.72500610351562
2025-08-22 19:33:00+00:00,206.7449951171875
2025-08-22 19:34:00+00:00,206.59500122070312
2025-08-22 19:35:00+00:00,206.52499389648438
2025-08-22 19:36:00+00:00,206.51499938964844
2025-08-22 19:37:00+00:00,206.2899932861328
2025-08-22 19:38:00+00:00,206.25
2025-08-22 19:39:00+00:00,206.25999450683594
2025-08-22 19:40:00+00:00,206.2042999267578
2025-08-22 19:41:00+00:00,206.18499755859375
2025-08-22 19:42:00+00:00,206.3780059814453
2025-08-22 19:43:00+00:00,206.27999877929688
2025-08-22 19:44:00+00:00,206.34300231933594
2025-08-22 19:45:00+00:00,206.44000244140625
2025-08-22 19:46:00+00:00,206.30999755859375
2025-08-22 19:47:00+00:00,206.3542022705078
2025-08-22 19:48:00+00:00,206.25999450683594
2025-08-22 19:49:00+00:00,206.24989318847656
2025-08-22 19:50:00+00:00,206.27999877929688
2025-08-22 19:51:00+00:00,206.30499267578125
2025-08-22 19:52:00+00:00,206.3531951904297
2025-08-22 19:53:00+00:00,206.4149932861328
2025-08-22 19:54:00+00:00,206.50999450683594
2025-08-22 19:55:00+00:00,206.7949981689453
2025-08-22 19:56:00+00:00,206.68499755859375
2025-08-22 19:57:00+00:00,206.64599609375
2025-08-22 19:58:00+00:00,206.58999633789062
2025-08-22 19:59:00+00:00,206.75
